t,x
0.0,2.0
0.01,1.938553256203455
0.02,1.903766532413332
0.03,1.8352535489035824
0.04,1.856587625881999
0.05,1.8045660031364392
0.06,1.937438473616091
0.07,1.8544967352545036
0.08,1.7758835037670742
0.09,1.673860403705465
0.1,1.7108897335272362
0.11,1.6220688134411607
0.12,1.7130961005602277
0.13,1.6544553403295594
0.14,1.7190216615674903
0.15,1.8770679591189
0.16,1.816562060957127
0.17,1.5705876975153203
0.18,1.6282284865961583
0.19,1.684886873497038
0.2,1.6851589794333246
0.21,1.6904364668299514
0.22,1.7894592152140243
0.23,1.6617933810688363
0.24,1.6645041198272548
0.25,1.8160823291468573
0.26,1.7731936295014434
0.27,1.7712334812091945
0.28,1.76697689370921
0.29,1.855058240357242
0.3,1.7292777194622593
0.31,1.7022874507020096
0.32,1.7761141105578326
0.33,1.8818706682918696
0.34,1.791658433461591
0.35000000000000003,1.8310224308891108
0.36,1.8190540170340153
0.37,1.8573656497625222
0.38,1.9824999945912174
0.39,1.8619766374285815
0.4,1.797927071960427
0.41000000000000003,1.7790403075966374
0.42,1.6172969416023975
0.43,1.4848342025409393
0.44,1.4755269435201448
0.45,1.5341986355779378
0.46,1.5546740436718847
0.47000000000000003,1.5248882656670235
0.48,1.5347872679784376
0.49,1.5832319479136279
0.5,1.6239648157018995
0.51,1.5155433464586963
0.52,1.4006252030540542
0.53,1.4797350920159509
0.54,1.3502810018756208
0.55,1.433553121575174
0.56,1.4951662188937618
0.5700000000000001,1.4477943865182854
0.58,1.464401330783702
0.59,1.5255497086694219
0.6,1.5045907801780718
0.61,1.4489345844823853
0.62,1.510286421743579
0.63,1.5641486378652345
0.64,1.6577683005357686
0.65,1.5802260522852292
0.66,1.6130600581078216
0.67,1.617979515200619
0.68,1.701614579214385
0.6900000000000001,1.6820493408930495
0.7000000000000001,1.6030614395517229
0.71,1.6345306385705094
0.72,1.504491084859385
0.73,1.431393315474471
0.74,1.4254469155502418
0.75,1.5269867046093608
0.76,1.4188613051177577
0.77,1.3892752435787827
0.78,1.3632750789418628
0.79,1.2128394585994955
0.8,1.2545638250579099
0.81,1.216734871934197
0.8200000000000001,1.2037334376519433
0.8300000000000001,1.2297200092548808
0.84,1.1410281239564464
0.85,1.0559324487421393
0.86,1.178153521801328
0.87,1.1849189197891772
0.88,1.281898834340868
0.89,1.4060191073198272
0.9,1.443434579986194
0.91,1.3742863587038594
0.92,1.5302631253872947
0.93,1.5170563315981416
0.9400000000000001,1.4781870545104288
0.9500000000000001,1.517650158110358
0.96,1.5953739460574556
0.97,1.6442033222747978
0.98,1.6185726766211106
0.99,1.6982290072702173
1.0,1.6437027585843007
1.01,1.681064096528949
1.02,1.6662446842724146
1.03,1.5970713545673958
1.04,1.659086878036463
1.05,1.7036563713566526
1.06,1.6665791463956159
1.07,1.6263455882667222
1.08,1.6423794720896263
1.09,1.727117471962953
1.1,1.8462609844324769
1.11,1.8122781638369574
1.12,1.8707936061637604
1.1300000000000001,1.958745315656106
1.1400000000000001,1.8754224046739056
1.1500000000000001,1.8729404088213195
1.16,1.76073183757315
1.17,1.7586978690352562
1.18,1.8198845142464124
1.19,1.8505612501501834
1.2,1.9281778915120777
1.21,1.9394445429547493
1.22,1.8517677536784334
1.23,1.853234215880305
1.24,1.9761488490548007
1.25,1.8824131632025216
1.26,2.06227234600252
1.27,2.0579185632682266
1.28,2.0511229257546213
1.29,1.9809324695377608
1.3,2.101947196626431
1.31,1.8507733687927252
1.32,1.897221068289036
1.33,2.020114828963371
1.34,2.033636339447112
1.35,2.0581949690173658
1.36,2.220619195891418
1.37,2.119176491156511
1.3800000000000001,2.186101910694857
1.3900000000000001,2.1186129854719167
1.4000000000000001,2.120016498468529
1.41,2.224100469854322
1.42,2.1638298639334845
1.43,2.1941901012482976
1.44,2.108826301748999
1.45,2.1010641439551505
1.46,2.1491532739874684
1.47,2.1912172923587154
1.48,2.16368783795601
1.49,2.150851531712372
1.5,2.168104187793163
1.51,2.141933239844299
1.52,2.0914714978102436
1.53,2.2674915048799225
1.54,2.2859249920253513
1.55,2.2128528925052806
1.56,2.4643532647263675
1.57,2.522188144392107
1.58,2.48198172164201
1.59,2.4954250204255564
1.6,2.460506350323349
1.61,2.559964963638655
1.62,2.659122643848917
1.6300000000000001,2.5193560327421123
1.6400000000000001,2.424362412226673
1.6500000000000001,2.4302628319958117
1.6600000000000001,2.3540253658887527
1.67,2.338729780989681
1.68,2.329789221652179
1.69,2.4355099624729486
1.7,2.5475129357837116
1.71,2.622957020842034
1.72,2.536540777753262
1.73,2.5118691937702287
1.74,2.4599905310677297
1.75,2.4697841372410227
1.76,2.4778254586218513
1.77,2.4590077196122344
1.78,2.523016583457146
1.79,2.5428457989370137
1.8,2.4820997422666164
1.81,2.5276461988417096
1.82,2.5350312335325262
1.83,2.5561213806525274
1.84,2.597101281028529
1.85,2.573261988144357
1.86,2.643066985988399
1.87,2.593247326703117
1.8800000000000001,2.781517194087216
1.8900000000000001,2.8562084650326844
1.9000000000000001,2.9362087042518925
1.9100000000000001,2.8584031995377233
1.92,2.876929116050982
1.93,2.7886659918214307
1.94,2.7145566256518636
1.95,2.7597610996317488
1.96,2.884537858884501
1.97,2.9082941721943865
1.98,2.951408257597455
1.99,2.872152196184263
2.0,2.68704821642513
2.0100000000000002,2.833868353915977
2.02,2.7189727166058932
2.0300000000000002,2.6542255201748324
2.04,2.6427825651494543
2.05,2.47396521267393
2.06,2.336004087287731
2.07,2.332987854044343
2.08,2.241488373618105
2.09,2.2139709052958367
2.1,2.2695198636960865
2.11,2.273248700327166
2.12,2.2629465998332416
2.13,2.2859229024613
2.14,2.1360228304763154
2.15,2.095441650812338
2.16,2.2688424617281675
2.17,2.356069830421857
2.18,2.328688861223648
2.19,2.1872911534851425
2.2,2.1506595976748595
2.21,2.1848761848553147
2.22,2.0972199044564075
2.23,2.2324928116997946
2.24,2.153428726505087
2.25,2.120046720759738
2.2600000000000002,2.103136162734875
2.27,2.1336816966885164
2.2800000000000002,2.1119378469413435
2.29,2.324463677387132
2.3000000000000003,2.1914639243936587
2.31,2.2358335179159963
2.32,2.2727049179519643
2.33,2.1550823948333
2.34,2.1103180597937463
2.35,2.0201649415525598
2.36,1.928128840545009
2.37,1.9325807812702667
2.38,2.0317820884611755
2.39,1.9626617646422246
2.4,1.991608970603908
2.41,1.963807480827692
2.42,1.827775028026272
2.43,1.7863485606676641
2.44,1.768087739469645
2.45,1.9511887947143922
2.46,1.9573412274693438
2.47,1.927796895526655
2.48,1.9575405650367212
2.49,2.0334820944169474
2.5,2.030332926753906
2.5100000000000002,2.0724170071272994
2.52,1.8621591363419272
2.5300000000000002,1.7863696199107586
2.54,1.7030720807784019
2.5500000000000003,1.6874559356897247
2.56,1.682918647012204
2.57,1.7070813381594023
2.58,1.6950766567344993
2.59,1.6965658478128884
2.6,1.659946207511946
2.61,1.7032669499729964
2.62,1.678141335159363
2.63,1.5501975961847902
2.64,1.6180103962936045
2.65,1.5839711982507538
2.66,1.6604558636597289
2.67,1.6474510130994753
2.68,1.6178090110841072
2.69,1.5769690062652058
2.7,1.4379117080547013
2.71,1.4881275101591236
2.72,1.6593573280306142
2.73,1.6099303501968283
2.74,1.6228566507201654
2.75,1.5952215253642206
2.7600000000000002,1.494749257255636
2.77,1.4013971140210995
2.7800000000000002,1.469854514478784
2.79,1.5262268821136862
2.8000000000000003,1.4677192593330157
2.81,1.535486819302236
2.82,1.4869829042957496
2.83,1.4268010613389297
2.84,1.3764667820362708
2.85,1.48385073454586
2.86,1.5230094827170981
2.87,1.4806249784364287
2.88,1.5647776249736567
2.89,1.6190708878553242
2.9,1.5873258338052694
2.91,1.4333204999292255
2.92,1.3455878171426006
2.93,1.2643699696144317
2.94,1.2904798689393489
2.95,1.306344553308322
2.96,1.3640471427992507
2.97,1.2950691263105003
2.98,1.2396565607718648
2.99,1.4428530101992851
3.0,1.5061499047297782
3.0100000000000002,1.6620535121828737
3.02,1.6838985633843893
3.0300000000000002,1.685845347852881
3.04,1.666021700072673
3.0500000000000003,1.7151071337266839
3.06,1.9179497466068856
3.0700000000000003,1.9096785698444816
3.08,1.897197444068553
3.09,1.9135271432572154
3.1,1.8055648412127723
3.11,1.7717180548914182
3.12,1.7435767741018378
3.13,1.7712487288585808
3.14,1.8302340701848125
3.15,1.922313972220946
3.16,1.92297583558226
3.17,1.9762276847400522
3.18,1.9870792509306854
3.19,1.9297587598381247
3.2,1.77650964393528
3.21,1.8140659308018037
3.22,1.7828654600887277
3.23,1.7758537885259285
3.24,1.8070478957210963
3.25,1.7777637388658905
3.2600000000000002,1.8181438080501715
3.27,1.8579366640471644
3.2800000000000002,1.9292981892671532
3.29,1.9428013497349157
3.3000000000000003,1.8250116659783733
3.31,1.7753293813082467
3.3200000000000003,1.858976858188621
3.33,1.88281523035769
3.34,1.9664050509534412
3.35,2.125933827169949
3.36,2.1976704011577564
3.37,2.1938477096675815
3.38,2.24835203617851
3.39,2.1762971898264487
3.4,2.3042256386302697
3.41,2.3156019694678087
3.42,2.2142563541285343
3.43,2.283297106811975
3.44,2.2787262800192827
3.45,2.368166282125029
3.46,2.350835223154796
3.47,2.3376524415306754
3.48,2.379846212358929
3.49,2.5095602295264867
3.5,2.408186159574646
3.5100000000000002,2.3685455491105443
3.52,2.3556279166816974
3.5300000000000002,2.3712260587220966
3.54,2.2439910814739417
3.5500000000000003,2.2178794993832325
3.56,2.241511597473268
3.5700000000000003,2.2110687353875504
3.58,2.242885455125334
3.59,2.174650122874309
3.6,2.2355419648113677
3.61,2.2654185015740036
3.62,2.2357425294935656
3.63,2.2396482272852616
3.64,2.2819172056934534
3.65,2.1534005110578467
3.66,2.169864740979837
3.67,2.041367006755981
3.68,2.13340867268187
3.69,2.208365594956118
3.7,2.1213444348546404
3.71,2.1798921314815165
3.72,2.201525266682639
3.73,2.192365823971178
3.74,2.2053531122952186
3.75,2.2015811474315035
3.7600000000000002,2.0676102902815128
3.77,2.187985243592916
3.7800000000000002,2.0729448763936227
3.79,1.9848570080912236
3.8000000000000003,2.0817976244112395
3.81,1.942385871646478
3.8200000000000003,1.908396976246472
3.83,1.8659101583061384
3.84,1.8090664411725155
3.85,1.7827952365290247
3.86,1.7992811476291102
3.87,1.7694811326684856
3.88,1.6819148899693501
3.89,1.7745274872158439
3.9,1.7403738165924265
3.91,1.7734829350812025
3.92,1.7189798525713478
3.93,1.7817979002875166
3.94,1.8407221899404536
3.95,1.883072328231413
3.96,1.8210748804298769
3.97,1.8844012462645494
3.98,1.8791088458288028
3.99,1.9163735747286328
4.0,1.9504980380015198
4.01,1.9868438586372985
4.0200000000000005,1.9756706529130166
4.03,1.8717149179725143
4.04,1.9447032729950862
4.05,2.0300086895040144
4.0600000000000005,1.8914884061468042
4.07,1.8858449030546152
4.08,1.9012249584993697
4.09,1.8467846474834833
4.1,1.9098500300248316
4.11,1.875839735042627
4.12,1.79521608122988
4.13,1.770607476655493
4.14,1.7163855967997361
4.15,1.7324450476797855
4.16,1.801279432482509
4.17,1.8153474882937788
4.18,1.5899585391278177
4.19,1.7014680556925241
4.2,1.6727237249849878
4.21,1.6606367258429708
4.22,1.705019514957269
4.23,1.6203976084962548
4.24,1.7591498588977938
4.25,1.6489750498637143
4.26,1.6368201108894072
4.2700000000000005,1.6976490425124564
4.28,1.7121356808734327
4.29,1.694110592452425
4.3,1.749737583329305
4.3100000000000005,1.823241389109752
4.32,1.949361969674864
4.33,1.9625522770201567
4.34,1.8464525487316197
4.3500000000000005,1.8521691302872154
4.36,1.8825736718560828
4.37,1.8041502398254157
4.38,1.8582563559736767
4.39,1.9476795248166172
4.4,1.930842585763781
4.41,2.0281560000060552
4.42,2.1787147890153977
4.43,2.2673933013427536
4.44,2.182108960188294
4.45,2.265345959219789
4.46,2.266379591033499
4.47,2.285022481685005
4.48,2.20763126510482
4.49,2.1194889766570486
4.5,2.0595743209057855
4.51,2.049169717776255
4.5200000000000005,2.0613392097816194
4.53,2.111832611243102
4.54,2.056225119987608
4.55,2.1573894450338957
4.5600000000000005,2.042836374920913
4.57,2.0777240663796013
4.58,2.0875312127501924
4.59,2.075647522299413
4.6000000000000005,2.1100744378138514
4.61,2.219273082525172
4.62,2.1977968388258415
4.63,2.185507433708767
4.64,2.1209870362272536
4.65,2.2185217226077185
4.66,2.264338854631578
4.67,2.3150447467219406
4.68,2.2988611822382974
4.69,2.4290029834516673
4.7,2.423155162824258
4.71,2.354336217933981
4.72,2.1588366515407427
4.73,2.201754030880773
4.74,2.2089939082580097
4.75,2.2121548502513027
4.76,2.186899581352277
4.7700000000000005,2.20195802149828
4.78,2.1636641752813848
4.79,2.287438112397508
4.8,2.3144074599343414
4.8100000000000005,2.1589666497770934
4.82,2.176026440465805
4.83,2.17863391045704
4.84,1.9931063691249884
4.8500000000000005,1.9886378775872477
4.86,1.9178109176732923
4.87,1.9059098867507733
4.88,1.8914082453422154
4.89,1.8988272347368873
4.9,1.9526295425521407
4.91,1.8846734265690224
4.92,1.7392542591628821
4.93,1.5383659613367302
4.94,1.6171660381951276
4.95,1.664015686341533
4.96,1.7851485161044969
4.97,1.8048320912292082
4.98,1.8176714840804804
4.99,1.83191753427195
5.0,1.9507071131897096
5.01,2.1284724062460283
5.0200000000000005,2.1459036784734304
5.03,2.133868735007657
5.04,2.0800250853079567
5.05,1.926198661031946
5.0600000000000005,2.0536302024074105
5.07,2.0256005372656705
5.08,2.1673276880918335
5.09,2.2836430471072426
5.1000000000000005,2.3982065626775926
5.11,2.44436531528851
5.12,2.464963808652207
5.13,2.442902411069769
5.14,2.457886350675392
5.15,2.4742846974935424
5.16,2.481495622603513
5.17,2.4917741680799748
5.18,2.5418306630212655
5.19,2.388966489576548
5.2,2.37584121793745
5.21,2.267553022681167
5.22,2.286861928437625
5.23,2.32662932862397
5.24,2.3834181414101665
5.25,2.2526148063854925
5.26,2.315975880240772
5.2700000000000005,2.286625431225122
5.28,2.299773947375828
5.29,2.243042304576503
5.3,2.325642087043089
5.3100000000000005,2.2783134522932715
5.32,2.2657832221315
5.33,2.089743494435922
5.34,2.042502340375687
5.3500000000000005,2.06399744091589
5.36,2.1451532129971937
5.37,2.1073067677044155
5.38,2.0886940078236886
5.39,1.9987781625647663
5.4,2.06356475344288
5.41,2.2602181479764463
5.42,2.3503723939323766
5.43,2.288503252214858
5.44,2.2451071784939725
5.45,2.268575794125746
5.46,2.2673137595101447
5.47,2.32287642774511
5.48,2.258391649390366
5.49,2.2603524309005563
5.5,2.1912018182208244
5.51,2.2132351166718
5.5200000000000005,2.2573498235276097
5.53,2.1934501403673363
5.54,2.062872457171092
5.55,2.0619083401217746
5.5600000000000005,2.041246713510648
5.57,2.062764132209307
5.58,2.126754717204769
5.59,2.0659873590956512
5.6000000000000005,2.1693149175737254
5.61,2.272538697230548
5.62,2.245355788596672
5.63,2.1416389278159045
5.64,2.1339259744016186
5.65,2.102646251220703
5.66,2.168017079462844
5.67,2.1841788065324126
5.68,2.2567149726046587
5.69,2.244985341166966
5.7,2.2595502310082645
5.71,2.197187985594918
5.72,2.0827433082384523
5.73,2.1937273816251386
5.74,2.2051514310801186
5.75,2.0957439683506656
5.76,2.0488088508343525
5.7700000000000005,2.0838237283663488
5.78,2.0540673620960535
5.79,2.0892220491887827
5.8,2.0993413007329984
5.8100000000000005,2.1752149072568963
5.82,2.1867167466768573
5.83,2.3095487691614576
5.84,2.2689588558832505
5.8500000000000005,2.3526346428573404
5.86,2.351632055538757
5.87,2.3431186168729554
5.88,2.358530162628783
5.89,2.251293576682236
5.9,2.31281288147513
5.91,2.236192508208828
5.92,2.211860949515655
5.93,2.1966701080555007
5.94,2.2806455510516814
5.95,2.316168912250103
5.96,2.437039823140492
5.97,2.5487886044314396
5.98,2.4669709995243796
5.99,2.4159220617490726
6.0,2.3307875311301505
6.01,2.376054842277391
6.0200000000000005,2.2657605481734424
6.03,2.1377195326648444
6.04,2.0037031315327
6.05,2.004828636395285
6.0600000000000005,1.9847813977920747
6.07,2.0360867868337333
6.08,2.016857179894002
6.09,1.972186684599925
6.1000000000000005,2.0090817831003216
6.11,2.006300228113063
6.12,1.960571950541291
6.13,2.0657660669715656
6.140000000000001,1.966905423492261
6.15,1.9952097197218503
6.16,2.0279264572696643
6.17,2.089417444705271
6.18,2.1158902756520113
6.19,2.09121904245443
6.2,2.2141476256471235
6.21,2.159136163499149
6.22,2.128373787989606
6.23,2.1309170826798645
6.24,2.131094415633005
6.25,2.150741787122851
6.26,2.1901555779305366
6.2700000000000005,2.25221307867779
6.28,2.2636164603327757
6.29,2.2826037330393127
6.3,2.203326124728479
6.3100000000000005,2.245310985258512
6.32,2.2806850053256515
6.33,2.3270284972626762
6.34,2.303960115302872
6.3500000000000005,2.1472400619414453
6.36,2.3416782023329517
6.37,2.3595195713322763
6.38,2.4000779991508323
6.390000000000001,2.2039925752789933
6.4,2.3012376495728413
6.41,2.2512517075507152
6.42,2.2348992313666174
6.43,2.164242678978003
6.44,2.216351811155904
6.45,2.1588574050659344
6.46,2.261118273354313
6.47,2.3169030788532
6.48,2.4035438295310665
6.49,2.2437909021271265
6.5,2.2909101092572466
6.51,2.2104538162412934
6.5200000000000005,2.0123081033691674
6.53,2.0679671985924877
6.54,2.1056808181407365
6.55,2.0936007856084644
6.5600000000000005,2.080678739768838
6.57,2.0027190598560267
6.58,2.066502792016609
6.59,2.1263532272163936
6.6000000000000005,2.1684810541720063
6.61,2.171736455637808
6.62,2.163051690456827
6.63,2.2486085199089665
6.640000000000001,2.1518585476841525
6.65,2.0989724873446973
6.66,2.0576267945045488
6.67,2.058036523466572
6.68,2.0672395566375528
6.69,1.9239621589272329
6.7,1.9381105025607361
6.71,1.9229413444154568
6.72,1.8796926311055473
6.73,1.8746410418764117
6.74,1.8682886446235991
6.75,1.7982704716984537
6.76,1.6978131039110904
6.7700000000000005,1.827807408446385
6.78,1.9088502977903137
6.79,2.0059706496601244
6.8,1.8843331047647327
6.8100000000000005,1.9603516622339947
6.82,1.8920733355266746
6.83,1.9336632011564643
6.84,1.9692869718486838
6.8500000000000005,2.0000609693044824
6.86,2.0546925793986572
6.87,2.088195850638561
6.88,1.9679688697744884
6.890000000000001,2.0123538984698532
6.9,2.0585153717693783
6.91,2.0357782679625345
6.92,1.9607264619927196
6.93,1.9708435452068487
6.94,1.8752553532969705
6.95,1.8731374230689917
6.96,1.9142947130647232
6.97,1.9703924835228372
6.98,2.0596404806971127
6.99,2.0278978978190842
7.0,2.0773059070134523
7.01,2.0202049523535575
7.0200000000000005,2.1360552667372406
7.03,2.184415143980181
7.04,2.1051216746839114
7.05,2.021144820426507
7.0600000000000005,1.9195609123178035
7.07,1.8737656499762745
7.08,1.9002455024174667
7.09,1.9115452906472123
7.1000000000000005,1.9612750248659447
7.11,2.0627970048695197
7.12,2.2083185122352496
7.13,2.2408801952705626
7.140000000000001,2.291116583474868
7.15,2.196602681716319
7.16,1.9915255713442424
7.17,2.0228659669300693
7.18,1.9384495631461458
7.19,1.9094755624107063
7.2,1.9440710385872602
7.21,2.0202797654390965
7.22,1.8880099063730305
7.23,2.0238233742224705
7.24,2.0256895808725712
7.25,1.9936530450528376
7.26,2.0774235460554573
7.2700000000000005,2.1508788632126055
7.28,2.153433787448081
7.29,2.1911917907710152
7.3,2.1177829658007994
7.3100000000000005,2.1093024413535857
7.32,2.1069209019308857
7.33,2.176051021385325
7.34,2.139784787430219
7.3500000000000005,2.1067976593473206
7.36,1.9131993940883474
7.37,2.028002585088287
7.38,1.9374449318074964
7.390000000000001,1.9059733142981645
7.4,1.9484919149860433
7.41,1.9431373411619413
7.42,2.0857123157336637
7.43,2.200097769975302
7.44,1.9921603275088036
7.45,1.9923182823720829
7.46,1.9777371139194984
7.47,1.864085341235597
7.48,1.8021976895534244
7.49,1.7625548664337525
7.5,1.7967626766147184
7.51,1.8764226845802363
7.5200000000000005,1.9094161476224425
7.53,1.9589598966316921
7.54,2.10769965401812
7.55,2.030779063919871
7.5600000000000005,2.0042462943990027
7.57,2.0030435351011056
7.58,2.006150247480117
7.59,2.0474530795297126
7.6000000000000005,2.0799883920387137
7.61,2.195826291063672
7.62,2.1237617100779276
7.63,2.1611415270271133
7.640000000000001,2.2346219890100554
7.65,2.170705560052531
7.66,2.2576228433185412
7.67,2.193515330876129
7.68,2.1661829001682666
7.69,2.1126421913692788
7.7,2.1546407011976316
7.71,2.2662659729119747
7.72,2.212786303212119
7.73,2.3473523589286374
7.74,2.2769739016874553
7.75,2.2544738189578015
7.76,2.3171601173455834
7.7700000000000005,2.3280421533770217
7.78,2.3988236784637733
7.79,2.233804246103206
7.8,2.2451675312499226
7.8100000000000005,2.1494869224008184
7.82,2.2198828345334087
7.83,2.1219776154775465
7.84,2.155905345110982
7.8500000000000005,2.0965774063975595
7.86,2.196458313346952
7.87,2.098611594358604
7.88,2.0264593338814043
7.890000000000001,1.9983700496668282
7.9,2.0107283231888595
7.91,1.940278456293592
7.92,1.845723307679737
7.930000000000001,1.8637446315880148
7.94,1.8661106611531402
7.95,1.7990024421203397
7.96,1.8093000426358685
7.97,1.8634475854666153
7.98,1.7818806242176444
7.99,1.6793939246824463
8.0,1.7154233425855447
8.01,1.7400318994742319
8.02,1.7847816125843199
8.03,1.7693011973612904
8.040000000000001,1.7738947470384314
8.05,1.8303852555260391
8.06,1.7729192095202702
8.07,1.8216444257072426
8.08,1.8303580513099729
8.09,1.8558080132045305
8.1,1.8292203476484061
8.11,1.9923603327728794
8.120000000000001,1.976087695258807
8.13,1.9863390246020667
8.14,1.98522974227206
8.15,1.9566583764108723
8.16,1.9176938298001394
8.17,1.9263462065672643
8.18,1.802897746442493
8.19,1.8805549029824435
8.2,2.031857751504333
8.21,2.1652307416313734
8.22,2.2193123709916147
8.23,2.2974987018895128
8.24,2.423012090127636
8.25,2.5748322216246597
8.26,2.6085326726569127
8.27,2.6192037552456906
8.28,2.470119287840964
8.290000000000001,2.459662890856379
8.3,2.4343293455578623
8.31,2.496694192440506
8.32,2.3511812971565282
8.33,2.48982211119216
8.34,2.4156487740204025
8.35,2.555821668555741
8.36,2.5801029411382337
8.370000000000001,2.5212257931709345
8.38,2.53944805470827
8.39,2.5606739622985084
8.4,2.485390152423309
8.41,2.552535185504645
8.42,2.4583400351872178
8.43,2.4803895390632276
8.44,2.4538104245655616
8.45,2.5626465269961645
8.46,2.519740636738166
8.47,2.502813062750375
8.48,2.491586559079813
8.49,2.5122064367729533
8.5,2.507517691052372
8.51,2.4479087951913736
8.52,2.411117161772376
8.53,2.4055350009225926
8.540000000000001,2.376235522300289
8.55,2.4834027305185895
8.56,2.3840216521954805
8.57,2.502315004667002
8.58,2.447424848507672
8.59,2.5149570958071106
8.6,2.500733500396773
8.61,2.638740052857426
8.620000000000001,2.7206068063052613
8.63,2.5745748531009487
8.64,2.5195754923912483
8.65,2.6089485613136074
8.66,2.619550782971457
8.67,2.600944809928073
8.68,2.5998453825282053
8.69,2.6035256414388868
8.700000000000001,2.6133746637632442
8.71,2.6310567760473096
8.72,2.597283183720799
8.73,2.578738878456273
8.74,2.620204440325156
8.75,2.4872233630848957
8.76,2.3460961767795943
8.77,2.248294038933627
8.78,2.2256172962461043
8.790000000000001,2.200673053761685
8.8,2.255056471592786
8.81,2.177336393855159
8.82,2.279714777046574
8.83,2.3750292439122243
8.84,2.5180072521483017
8.85,2.51377923351848
8.86,2.5479619893915926
8.870000000000001,2.4225531357006607
8.88,2.49305647217234
8.89,2.5164045730993316
8.9,2.530713099563805
8.91,2.4817175046175195
8.92,2.4660817490755744
8.93,2.420633209253372
8.94,2.48050756936577
8.950000000000001,2.4574540977238426
8.96,2.5277233290961534
8.97,2.5984338914664544
8.98,2.649195905600178
8.99,2.6636034667954567
9.0,2.5536097641739803
9.01,2.471159668060055
9.02,2.5328484676508847
9.03,2.446165278664973
9.040000000000001,2.4031946380658256
9.05,2.466679532118608
9.06,2.335119257738237
9.07,2.3798861324110896
9.08,2.3550394971010298
9.09,2.363271916635039
9.1,2.344840143710209
9.11,2.314917397459009
9.120000000000001,2.309474305536315
9.13,2.3724887777093473
9.14,2.176561108142039
9.15,2.06994897126222
9.16,2.095714786791536
9.17,2.098570767154195
9.18,2.124815582671402
9.19,2.0600284683846493
9.200000000000001,1.999346010785693
9.21,2.1156001276090044
9.22,2.134090289662123
9.23,1.982152509794498
9.24,1.9653076491584915
9.25,1.8319300304600066
9.26,1.9011032146487643
9.27,1.9547082570095304
9.28,1.9300990178408675
9.290000000000001,1.9088311992740008
9.3,1.9978254259930297
9.31,2.021860603463997
9.32,1.9616976967116124
9.33,2.0720682571988043
9.34,2.090764589562297
9.35,2.11370362504639
9.36,2.02848459261544
9.370000000000001,2.063342776329547
9.38,1.9511461250280036
9.39,2.0541839495172574
9.4,2.1388926814668086
9.41,1.966462995264341
9.42,1.9925906636065451
9.43,2.0632268233823527
9.44,2.0417478903912993
9.450000000000001,2.093961833816811
9.46,2.2019917835392158
9.47,2.1716852636786133
9.48,2.0743481886041266
9.49,2.1024496310937053
9.5,2.1103793788066247
9.51,2.25310339673596
9.52,2.0212603818918664
9.53,1.9855209124006357
9.540000000000001,1.9502485300972356
9.55,1.9756490086942113
9.56,1.8738035410343086
9.57,1.8628422338339647
9.58,1.9067933162203965
9.59,1.8331142585210198
9.6,1.786704604713606
9.61,1.6633877706024223
9.620000000000001,1.5103203365854836
9.63,1.4570067161551181
9.64,1.4037225297899711
9.65,1.430160118318477
9.66,1.4724355444542483
9.67,1.508875789520179
9.68,1.712852553039727
9.69,1.75015980700033
9.700000000000001,1.7945754954083335
9.71,1.71260288691276
9.72,1.7269832167894976
9.73,1.766236187644652
9.74,1.6769304619002547
9.75,1.5561106012461547
9.76,1.5635530040342527
9.77,1.5781030368343683
9.78,1.5578992716645832
9.790000000000001,1.5734051711205523
9.8,1.5462208271468234
9.81,1.4956357803399094
9.82,1.4844537500492874
9.83,1.575553096428529
9.84,1.5661249195067943
9.85,1.5909882559265307
9.86,1.6596499108945781
9.870000000000001,1.687304932862176
9.88,1.6281635772030072
9.89,1.5157378311466239
9.9,1.5146049817108345
9.91,1.5004535071387628
9.92,1.3160974137248855
9.93,1.2925073644307443
9.94,1.3584719270475147
9.950000000000001,1.3679725736453632
9.96,1.3347107589439904
9.97,1.3512150239484557
9.98,1.4012303328022848
9.99,1.47303477897462
10.0,1.4703461725955715
10.01,1.3114883663782297
10.02,1.4502272455900531
10.03,1.4320617685066077
10.040000000000001,1.4086198527118468
10.05,1.4331952976367863
10.06,1.4719636789526998
10.07,1.4956052569761131
10.08,1.5009252161878923
10.09,1.664501076674339
10.1,1.7029014502333832
10.11,1.5907689117212056
10.120000000000001,1.488595376539211
10.13,1.3459544932476726
10.14,1.3912517239267015
10.15,1.4412743427590793
10.16,1.3176126386886846
10.17,1.3693857343013214
10.18,1.3466956993775963
10.19,1.401560802425718
10.200000000000001,1.4480973304403983
10.21,1.4638278362797428
10.22,1.5256068048615288
10.23,1.633300911789389
10.24,1.6098339862355773
10.25,1.6758627336853804
10.26,1.6921724967952616
10.27,1.6962267316999267
10.28,1.5805629589766046
10.290000000000001,1.513435310824552
10.3,1.4826706218186718
10.31,1.3886940550276963
10.32,1.2933246613911054
10.33,1.1139734126874652
10.34,1.0946411960051277
10.35,1.0262699860903286
10.36,1.00617254034942
10.370000000000001,1.0871764126510701
10.38,1.0242486524124432
10.39,0.8957085887132115
10.4,0.808557190533531
10.41,0.8727852424722894
10.42,0.8527388526347999
10.43,0.858622284049655
10.44,0.6852016805059261
10.450000000000001,0.664839760882203
10.46,0.808147625333963
10.47,0.8565766496326876
10.48,0.9184575098825336
10.49,0.8689027246847694
10.5,0.9785513803671756
10.51,1.1006544147573534
10.52,0.9593373090967521
10.53,0.9497204042450578
10.540000000000001,1.078017751672379
10.55,1.1733140213254964
10.56,1.0614130962874695
10.57,0.9860430536459097
10.58,0.9580037905484414
10.59,1.0181990904395888
10.6,1.08815702769522
10.61,0.9344813738609011
10.620000000000001,0.9045255836268227
10.63,0.9650741215393516
10.64,0.9349127631340377
10.65,1.0775300258494602
10.66,1.0253360180852127
10.67,0.930798291610643
10.68,0.9264354529969417
10.69,1.0265823911654675
10.700000000000001,0.8767702981232334
10.71,0.8143431479763975
10.72,0.7405321989881478
10.73,0.7580635488807251
10.74,0.870991561945629
10.75,0.8480909644281461
10.76,0.8934285352162731
10.77,0.8583805245356997
10.78,0.9590088387690094
10.790000000000001,1.0120375861042608
10.8,1.057605649574142
10.81,1.1193157248901935
10.82,1.0544685884685412
10.83,1.0161395637608148
10.84,0.9890098935721788
10.85,0.7923612993969082
10.86,0.7828457902178665
10.870000000000001,0.9075357807375951
10.88,0.8891788441460666
10.89,0.8831111821076594
10.9,0.9437521548966166
10.91,1.030885308563544
10.92,1.1447712166663109
10.93,1.2345891763103032
10.94,1.2741836968624383
10.950000000000001,1.4102417718076854
10.96,1.4539639495281667
10.97,1.4903621645655882
10.98,1.4298908873215617
10.99,1.3402396631952365
11.0,1.3407198920716292
11.01,1.3413023271523745
11.02,1.3570586598032446
11.03,1.3854409569886486
11.040000000000001,1.4428288454253129
11.05,1.393241674629698
11.06,1.4192029485406863
11.07,1.3757708261101593
11.08,1.3319877503689947
11.09,1.3434113949366049
11.1,1.3595431419613913
11.11,1.4783233005894603
11.120000000000001,1.4020189125364617
11.13,1.4750727440177136
11.14,1.536907091496997
11.15,1.4910997191950974
11.16,1.361189289459953
11.17,1.395155041134245
11.18,1.5097174901201105
11.19,1.4483031373915138
11.200000000000001,1.3632416477536036
11.21,1.3687925761684585
11.22,1.3629297376293625
11.23,1.380024923251315
11.24,1.3666808467844185
11.25,1.283908560827462
11.26,1.1720192030344876
11.27,1.1915651691597726
11.28,1.2339647274885295
11.290000000000001,1.2864623771414505
11.3,1.3289257274568367
11.31,1.3837197354469004
11.32,1.4306961420446902
11.33,1.295585648138524
11.34,1.1305790722431122
11.35,1.1480228050224248
11.36,1.0784832764980423
11.370000000000001,1.2020246379461843
11.38,1.219258283587459
11.39,1.1758134384819834
11.4,1.2906228546493346
11.41,1.3460644727938658
11.42,1.2646860747999993
11.43,1.3575413254379434
11.44,1.3778481891578944
11.450000000000001,1.4217707662858867
11.46,1.507802547579373
11.47,1.521785315482958
11.48,1.5108704507226869
11.49,1.4593651782912858
11.5,1.5021202254922668
11.51,1.4890441861367876
11.52,1.352770860317753
11.53,1.3476130367533865
11.540000000000001,1.287286672155008
11.55,1.3772308851070538
11.56,1.4853752382384229
11.57,1.4889859966715573
11.58,1.553911545942528
11.59,1.499975318871119
11.6,1.5775696100750831
11.61,1.5205623804697734
11.620000000000001,1.569336535055669
11.63,1.4147815534972175
11.64,1.3377703516942772
11.65,1.3419893574165969
11.66,1.353745883752767
11.67,1.3984780770922884
11.68,1.3253726338978011
11.69,1.244136307140868
11.700000000000001,1.326921958001232
11.71,1.3450297229059915
11.72,1.3427854983893992
11.73,1.3748281775790363
11.74,1.4025719549514997
11.75,1.41057582109359
11.76,1.355951995916512
11.77,1.3455511949303451
11.78,1.406527041948154
11.790000000000001,1.471011954670624
11.8,1.4151708434769203
11.81,1.3462263281351832
11.82,1.2600323679168401
11.83,1.1652434241786884
11.84,1.229853909409784
11.85,1.3422508040645889
11.86,1.3657354172218443
11.870000000000001,1.4300778326733463
11.88,1.3933772610536055
11.89,1.3950216324444447
11.9,1.3897689999891034
11.91,1.54456159667797
11.92,1.581611339647223
11.93,1.5884657988683002
11.94,1.6087341108470425
11.950000000000001,1.4960402275739264
11.96,1.5165271987323836
11.97,1.4612015204004225
11.98,1.6003173378477806
11.99,1.546789715766027
12.0,1.5299219631084482
12.01,1.5574758350689974
12.02,1.693801395061419
12.030000000000001,1.7507222917639997
12.040000000000001,1.6736895998582533
12.05,1.8029927419613634
12.06,1.9029244082352323
12.07,1.8143868806927497
12.08,1.7467277287180543
12.09,1.7326570496102107
12.1,1.7261127066277167
12.11,1.5788843259542455
12.120000000000001,1.5842213057916774
12.13,1.6849014119004675
12.14,1.5474492517585183
12.15,1.5091771828338398
12.16,1.6159954520514106
12.17,1.6496495731405456
12.18,1.692655729685841
12.19,1.7988792713721677
12.200000000000001,1.7434372677885746
12.21,1.7126429938219618
12.22,1.7441807412835324
12.23,1.7074654572737564
12.24,1.6940372746524877
12.25,1.5437174575980905
12.26,1.5997949206969313
12.27,1.5423582902705804
12.280000000000001,1.5567084274997693
12.290000000000001,1.6218922513517118
12.3,1.6553013413281632
12.31,1.6965623273379202
12.32,1.6106062785500872
12.33,1.5283493361257872
12.34,1.538995052398635
12.35,1.5828550262479257
12.36,1.558400458133191
12.370000000000001,1.529206121269386
12.38,1.497416374106638
12.39,1.479184939134623
12.4,1.3683515786894562
12.41,1.2939759079214546
12.42,1.3576018659890898
12.43,1.2981555852631088
12.44,1.290190222220727
12.450000000000001,1.1716950063646814
12.46,1.2167146998681195
12.47,1.3442407589831395
12.48,1.33827556065184
12.49,1.2587048083103756
12.5,1.274731783978252
12.51,1.27172072711986
12.52,1.3734123515015328
12.530000000000001,1.4383532649724902
12.540000000000001,1.4947106187440502
12.55,1.5007852329237126
12.56,1.6392893656315346
12.57,1.5605143841466596
12.58,1.4413908051806872
12.59,1.4842991362849085
12.6,1.434800379756043
12.61,1.520809875760915
12.620000000000001,1.3510929761495687
12.63,1.1920408780117369
12.64,1.2863330744073855
12.65,1.4246369950711824
12.66,1.441603126628205
12.67,1.519444985795895
12.68,1.5522534294401813
12.69,1.5207965966162627
12.700000000000001,1.5495455203339534
12.71,1.5639090609729216
12.72,1.4336554595470696
12.73,1.375112800377501
12.74,1.3969621961022387
12.75,1.4358727255100283
12.76,1.519550312932363
12.77,1.5524452290773618
12.780000000000001,1.5307389962105769
12.790000000000001,1.5127483965459374
12.8,1.5376023015064657
12.81,1.5942186482151302
12.82,1.657993672173818
12.83,1.6492406638343104
12.84,1.5994001211898516
12.85,1.7050096350279043
12.86,1.6361008036543752
12.870000000000001,1.7452483733000652
12.88,1.8000948662277656
12.89,1.9958064384966248
12.9,1.9528322324486453
12.91,1.8733792724322482
12.92,1.8409143429913475
12.93,1.7367553282859505
12.94,1.7737792595894333
12.950000000000001,1.8310203269343674
12.96,1.7589987967376377
12.97,1.7738928347666139
12.98,1.7187092847548129
12.99,1.643835085631831
13.0,1.5617726841650788
13.01,1.6820068897182745
13.02,1.734681377293342
13.030000000000001,1.6787943163563293
13.040000000000001,1.7392453775388308
13.05,1.7548450079579
13.06,1.6598758295911828
13.07,1.7134224939934866
13.08,1.8387041620692481
13.09,1.807484665808477
13.1,1.8895589942244722
13.11,1.8091237271293765
13.120000000000001,1.7709463541280905
13.13,1.9039369025141508
13.14,1.9900575035709578
13.15,2.01538978606721
13.16,1.9474081485489774
13.17,2.0520387444184607
13.18,2.1067351528979223
13.19,2.119242294833504
13.200000000000001,2.18576502143788
13.21,2.170137455636742
13.22,2.188143752623015
13.23,2.1893821347857543
13.24,2.1079643379225455
13.25,2.0721106400845892
13.26,2.0856795221530526
13.27,2.0997725834720407
13.280000000000001,2.2066595247967173
13.290000000000001,2.212655537889148
13.3,2.2049984840581347
13.31,2.1848149813576
13.32,2.104911894042337
13.33,2.0974958733828357
13.34,2.1648383865869345
13.35,2.038877037071539
13.36,2.034077512437771
13.370000000000001,2.098380538840444
13.38,2.240708368066364
13.39,2.3570560494798283
13.4,2.3588966354301197
13.41,2.3050593623171487
13.42,2.2744725109924
13.43,2.233071217707734
13.44,2.25435073418833
13.450000000000001,2.245406991741213
13.46,2.112865428883147
13.47,2.0746402964036594
13.48,2.0202682561210743
13.49,2.040651742024889
13.5,1.9864805911871302
13.51,1.9943358682664454
13.52,1.9663223429445407
13.530000000000001,1.9271122084872991
13.540000000000001,1.9772861108054747
13.55,1.9632028358062246
13.56,1.8899409061856351
13.57,1.8044560945103392
13.58,1.757468164787523
13.59,1.6896750654898902
13.6,1.7276648001533426
13.61,1.7509999204303863
13.620000000000001,1.7162840056667539
13.63,1.7585374596129628
13.64,1.8331430485766287
13.65,1.914810371983475
13.66,2.0364872677418564
13.67,1.9616088033598322
13.68,2.049936109399578
13.69,2.025646973959203
13.700000000000001,2.129325350565177
13.71,2.1786923832497127
13.72,2.1763599856946336
13.73,2.0944200208973287
13.74,2.0118343293667094
13.75,1.9764925989267406
13.76,1.9946283073806315
13.77,1.8973362715184074
13.780000000000001,1.8167330793255534
13.790000000000001,1.733594096582602
13.8,1.6598825628927687
13.81,1.6307970734962187
13.82,1.685104846919175
13.83,1.6921977992942092
13.84,1.6324179863262664
13.85,1.4362066277019236
13.86,1.3377778036577768
13.870000000000001,1.4537803899719761
13.88,1.6235984555621326
13.89,1.5934620371845016
13.9,1.7389120125161175
13.91,1.8027964424130938
13.92,1.8160606674454094
13.93,1.9373324858865018
13.94,2.005703094544001
13.950000000000001,2.026411092509352
13.96,1.9725402661072864
13.97,1.8879462058507976
13.98,1.9456779182850155
13.99,1.8611705320929168
14.0,1.8849010384858078
14.01,1.9617606722332324
14.02,1.9167694856552373
14.030000000000001,1.8800125334512492
14.040000000000001,1.8470577635491772
14.05,1.8240414345939173
14.06,1.7585588922622595
14.07,1.9075580497476214
14.08,1.9182558122186137
14.09,1.9081920346296035
14.1,2.0469611142679693
14.11,1.9716502470131354
14.120000000000001,1.9932990905314196
14.13,1.9974895261751262
14.14,1.959417179348102
14.15,1.9647634446313096
14.16,2.0263951670502456
14.17,1.944363038399604
14.18,1.9597398349990363
14.19,1.9732650901835909
14.200000000000001,1.9797264123177274
14.21,1.9701307808747353
14.22,1.974003041004283
14.23,1.9587257339452373
14.24,1.8837829648492268
14.25,1.8944011626623514
14.26,2.0196848364682536
14.27,1.9316647204029715
14.280000000000001,2.0514940860769326
14.290000000000001,2.1237514604375916
14.3,2.1601890983176957
14.31,1.9689072138481343
14.32,1.9861288423564065
14.33,2.082836925341656
14.34,2.033004245050977
14.35,2.084212495526119
14.36,2.0888227459468567
14.370000000000001,2.099549280713302
14.38,2.229826827634596
14.39,2.2089090900488464
14.4,2.279048137381509
14.41,2.321197919715447
14.42,2.2763287814627096
14.43,2.321060455748619
14.44,2.4170621788809252
14.450000000000001,2.4115833817183123
14.46,2.336561000996725
14.47,2.4486258868567017
14.48,2.4461903845483177
14.49,2.3874566091078675
14.5,2.4702935292964234
14.51,2.3143703139592007
14.52,2.280056239778673
14.530000000000001,2.098412206007368
14.540000000000001,2.1605944875890826
14.55,2.177186025110288
14.56,2.1177747674210714
14.57,2.0995721445594677
14.58,2.028676435349649
14.59,2.1027728566513186
14.6,2.153432383211064
14.61,2.1410925125699243
14.620000000000001,2.1845551161045504
14.63,2.3340778210435396
14.64,2.2838037609603905
14.65,2.3013697413573624
14.66,2.398744000233773
14.67,2.372320508641361
14.68,2.321632520598721
14.69,2.215741239532762
14.700000000000001,2.2286119982434536
14.71,2.24232654742541
14.72,2.2234516387465373
14.73,2.3227863131175472
14.74,2.3378969871759305
14.75,2.3452484468031116
14.76,2.336603518489192
14.77,2.3104763786754816
14.780000000000001,2.3382049171871726
14.790000000000001,2.2564554349435033
14.8,2.230626218147871
14.81,2.1916585370113633
14.82,2.2873888748614384
14.83,2.270975043621314
14.84,2.186569463824816
14.85,2.0948161436662818
14.86,1.9420012079939806
14.870000000000001,1.925985160177287
14.88,1.9420319350361865
14.89,1.9058487303971041
14.9,1.8911639440177055
14.91,1.8672565874333127
14.92,1.9259871207250268
14.93,2.014818173363462
14.94,1.9700918928939246
14.950000000000001,2.0554313949861416
14.96,2.0615164919840265
14.97,1.9861318266408488
14.98,1.9304426428530768
14.99,1.8965461461561386
15.0,1.9184475041637779
15.01,1.8520399758671304
15.02,1.812588204798963
15.030000000000001,1.7136806755414173
15.040000000000001,1.7673377531021428
15.05,1.898154759758594
15.06,1.937586933675224
15.07,1.8870111231192672
15.08,1.9118449838847347
15.09,1.8495159126392202
15.1,1.754929411810767
15.11,1.852923092614994
15.120000000000001,1.7363822103992412
15.13,1.8191725493122917
15.14,1.9748710609938174
15.15,1.9920857614114515
15.16,2.061957212535544
15.17,1.968708065954038
15.18,1.9218267066624009
15.19,1.9449535091029797
15.200000000000001,1.909707216178844
15.21,1.9495590454560916
15.22,2.0467988847857375
15.23,2.0946274499430944
15.24,2.014367914640284
15.25,1.8629346936842093
15.26,1.8241284541729246
15.27,1.804481985788765
15.280000000000001,1.823174138141136
15.290000000000001,1.8806593480302756
15.3,1.8475332169335033
15.31,1.869633144827372
15.32,2.0098969246635976
15.33,1.9616336806829433
15.34,2.0813149576631225
15.35,1.9932761666065575
15.36,1.8223828104005577
15.370000000000001,1.8587471636041881
15.38,1.7890337408647337
15.39,1.8340193954462416
15.4,1.955690744730643
15.41,1.950626315753681
15.42,1.977774728858787
15.43,1.9158491169623242
15.44,1.8317705698327393
15.450000000000001,1.833650954458721
15.46,1.9225248688057714
15.47,1.8371842664514506
15.48,1.8978012655482008
15.49,2.058229815549879
15.5,2.1544618346265527
15.51,2.082417213714745
15.52,2.0006482290557055
15.530000000000001,1.8524233930794163
15.540000000000001,1.989311906190279
15.55,1.8393116911685945
15.56,1.8337401353182683
15.57,2.058336362286079
15.58,2.0994860188697366
15.59,2.0453832290602523
15.6,2.0173454448980817
15.610000000000001,2.0719121746832396
15.620000000000001,2.013479853041726
15.63,1.9907761425424333
15.64,1.985061829843097
15.65,1.8984680975750503
15.66,1.9643675019326277
15.67,1.9455867903125785
15.68,1.971724830316149
15.69,2.01058170026098
15.700000000000001,2.0129798121610976
15.71,1.9965246001638663
15.72,2.086801945469894
15.73,1.9139717275343062
15.74,1.7361854562020704
15.75,1.900254422000751
15.76,1.8941980833253897
15.77,1.8418444682398725
15.780000000000001,1.8043152201853072
15.790000000000001,1.8177949147812376
15.8,1.659670543063856
15.81,1.8146809448808827
15.82,1.6957369687409736
15.83,1.8050379765547944
15.84,1.833850815238074
15.85,1.7804061345160758
15.860000000000001,1.7042796142828176
15.870000000000001,1.7532828230630422
15.88,1.6951939900525521
15.89,1.7004925609564456
15.9,1.7596398198338745
15.91,1.6059088375869581
15.92,1.6353903242141292
15.93,1.62885498572264
15.94,1.538945976354281
15.950000000000001,1.5927124769286223
15.96,1.617838889723485
15.97,1.6506661372077311
15.98,1.5592858773412275
15.99,1.5805879023115632
16.0,1.5818304071193146
16.01,1.6007398717004697
16.02,1.6099067185294833
16.03,1.7522777755289938
16.04,1.826514794422506
16.05,1.854676876700425
16.06,1.8220654284361018
16.07,2.0102990787292887
16.080000000000002,2.0776069631086127
16.09,1.9615873003870565
16.1,1.9067445637041298
16.11,1.9981233979895114
16.12,1.9736922970006963
16.13,1.9723017565092837
16.14,1.9413943602861659
16.15,1.9882877698693529
16.16,2.0778378761324987
16.17,2.014147719658936
16.18,1.9500398950658582
16.19,1.8386189925938448
16.2,1.7825746569285545
16.21,1.8457845391134824
16.22,1.9893687254644978
16.23,2.090065890745288
16.240000000000002,2.1114601787647005
16.25,2.1341816201186252
16.26,2.152359118996679
16.27,2.062089570390903
16.28,2.111814941148324
16.29,1.9394693173417397
16.3,1.886693298745922
16.31,1.9805957323434447
16.32,1.9661661832752706
16.330000000000002,1.9834646839923626
16.34,2.0210260878583077
16.35,2.030515637352435
16.36,2.0861323742019318
16.37,2.1825621587901476
16.38,2.140822521048838
16.39,1.9996739728618662
16.4,1.9567077687644705
16.41,2.007905902233182
16.42,2.0318336666982417
16.43,2.06240533552772
16.44,1.980695484968146
16.45,1.9719531344890278
16.46,2.0114110901396822
16.47,1.8589701170667696
16.48,1.841398252699188
16.490000000000002,1.7838822090732727
16.5,1.7221999033880149
16.51,1.7501573872252405
16.52,1.764376332340225
16.53,1.8754118184868065
16.54,1.9498423598363146
16.55,2.0661941900180905
16.56,1.917748062126989
16.57,1.8935460465115825
16.580000000000002,1.857517484944568
16.59,1.6977155796511083
16.6,1.7268280211044633
16.61,1.7896946385233437
16.62,1.8283617442523536
16.63,1.7227494386450888
16.64,1.7793461428489776
16.65,1.7681995127684211
16.66,1.9636357304680225
16.67,1.869943955778611
16.68,1.825062677071834
16.69,1.7881869576298277
16.7,1.8636072676616213
16.71,1.9435969976326446
16.72,2.0019097031137187
16.73,2.1645441567793324
16.740000000000002,2.224791414537028
16.75,2.0752526998476704
16.76,1.9743365563468092
16.77,1.7794476859614141
16.78,1.8051547403781747
16.79,1.6763101254155452
16.8,1.6775138712823752
16.81,1.6206598396559762
16.82,1.6325863372507496
16.830000000000002,1.624343430610163
16.84,1.5451977847442124
16.85,1.5328425312537228
16.86,1.5509537782920635
16.87,1.4147712657005247
16.88,1.392563108161188
16.89,1.5537889967535938
16.9,1.5392127691385047
16.91,1.528902382573665
16.92,1.4644572267677032
16.93,1.3871356248536029
16.94,1.3979180580018473
16.95,1.4234996404620242
16.96,1.5944162160634485
16.97,1.5509487099867252
16.98,1.5399720222065445
16.990000000000002,1.5188297938454713
17.0,1.35806148044992
17.01,1.296749498069127
17.02,1.2965673446803703
17.03,1.3150400767449455
17.04,1.4161555246792679
17.05,1.4614080346730933
17.06,1.5458819261645225
17.07,1.4732014476615203
17.080000000000002,1.4712548187053707
17.09,1.3432984702869422
17.1,1.1990384524678999
17.11,1.1831699634369754
17.12,1.3352891460217216
17.13,1.4265111402317703
17.14,1.4455657522621927
17.150000000000002,1.4796494035254688
17.16,1.4403008162944264
17.17,1.4716359752713468
17.18,1.4902408192858934
17.19,1.5316912381187253
17.2,1.509448152292523
17.21,1.5145283513951386
17.22,1.5506105002575918
17.23,1.5434385385154643
17.240000000000002,1.6021670210419967
17.25,1.60231249831061
17.26,1.7535247276923733
17.27,1.6971410361577643
17.28,1.5997267467307563
17.29,1.431175036479871
17.3,1.4274371269665043
17.31,1.5349400646633846
17.32,1.444071580876772
17.330000000000002,1.4736296103279918
17.34,1.4307330851408193
17.35,1.3765790681134424
17.36,1.498346725961914
17.37,1.577075129543194
17.38,1.5714868115972047
17.39,1.6355266159848703
17.400000000000002,1.500318958030176
17.41,1.5281282623909451
17.42,1.4551835381589495
17.43,1.5645523219325734
17.44,1.4640557177719091
17.45,1.4762094239444812
17.46,1.6166869522542875
17.47,1.7319451890123143
17.48,1.8210610622289989
17.490000000000002,1.7874693898128609
17.5,1.9157004702915548
17.51,1.8692084326062353
17.52,1.8789680656025387
17.53,2.0011013731481513
17.54,2.0233167174804754
17.55,2.045557027028974
17.56,2.1275799597936187
17.57,2.0299810158857263
17.580000000000002,1.9402520218018307
17.59,1.9368226773424715
17.6,1.874127533884712
17.61,1.661133605561076
17.62,1.7954611971323209
17.63,1.765387138944807
17.64,1.6472614304836564
17.650000000000002,1.781725987868665
17.66,1.819532722440746
17.67,1.7912112496773813
17.68,1.6716892274910493
17.69,1.734185037816954
17.7,1.8140534584530135
17.71,1.7122195892364331
17.72,1.7020145780008298
17.73,1.913430846009478
17.740000000000002,1.7759728441577216
17.75,1.8307118400691713
17.76,1.8275614560431717
17.77,1.7773690119237515
17.78,1.7378367607879037
17.79,1.8129579826024582
17.8,1.9044122860700268
17.81,1.9804005165570049
17.82,1.836345585224485
17.830000000000002,1.8822032545492966
17.84,1.877537037576663
17.85,1.8677515629905215
17.86,1.878279743150228
17.87,1.868574606788506
17.88,1.881622719311995
17.89,1.7749788387311405
17.900000000000002,1.7782147591376032
17.91,1.819344899266341
17.92,1.719482274052132
17.93,1.7610629830039448
17.94,1.880253586334798
17.95,1.9070168056775612
17.96,1.923284976094113
17.97,1.9869368630083235
17.98,2.014171354890469
17.990000000000002,2.2127207395215134
18.0,2.3961503161062416
18.01,2.4659657004375504
18.02,2.614249359836802
18.03,2.610574557450458
18.04,2.6092206955673998
18.05,2.5687354833191898
18.06,2.5910683369220324
18.07,2.477848736568692
18.080000000000002,2.3952436864602875
18.09,2.4550064438946992
18.1,2.5428014227679263
18.11,2.4397479708205756
18.12,2.3697535238223626
18.13,2.3400002299928704
18.14,2.291070516690455
18.150000000000002,2.2241301876964448
18.16,2.1983398244935377
18.17,2.1154527109294547
18.18,2.2242226501583557
18.19,2.1236719675290545
18.2,2.0932789103114953
18.21,2.0992682225590045
18.22,1.9398873581156866
18.23,2.0471345039382083
18.240000000000002,2.0326006992600862
18.25,2.032450103867898
18.26,1.9333840560500737
18.27,1.968210136565114
18.28,2.0680276295000994
18.29,2.1223415895793583
18.3,2.1229696095683903
18.31,2.1879181910038463
18.32,2.201403713259753
18.330000000000002,2.137713284542126
18.34,2.0684782109431206
18.35,2.0041049302026503
18.36,2.069782610543119
18.37,2.109647504282429
18.38,2.2602350426499207
18.39,2.1838032461480954
18.400000000000002,2.1556469935431
18.41,2.1219002330681493
18.42,2.247440547828154
18.43,2.2161594110441816
18.44,2.2699181585843102
18.45,2.2287591907431845
18.46,2.1427639105225587
18.47,2.2194600431883122
18.48,2.297789901668244
18.490000000000002,2.4437926824930862
18.5,2.410020148486543
18.51,2.3748610919782553
18.52,2.489931040642671
18.53,2.642639527686968
18.54,2.4935211037919376
18.55,2.517060767752319
18.56,2.4536822010278017
18.57,2.317669200993435
18.580000000000002,2.280819703193141
18.59,2.289750848764091
18.6,2.2929618978820225
18.61,2.2445898079321345
18.62,2.2277336341648777
18.63,2.234918581247134
18.64,2.2407834548268015
18.650000000000002,2.346695878294407
18.66,2.41238351901165
18.67,2.492991297369803
18.68,2.4435343666922362
18.69,2.517870338678462
18.7,2.514307664671226
18.71,2.451569817994157
18.72,2.437469210796914
18.73,2.3286113190996467
18.740000000000002,2.476513987529141
18.75,2.508221044623237
18.76,2.38666786243623
18.77,2.319063551280612
18.78,2.3228266484515045
18.79,2.2613261005285614
18.8,2.263346085368871
18.81,2.2053774248996554
18.82,2.3442762495576206
18.830000000000002,2.3382202765275526
18.84,2.3839097399433444
18.85,2.355431240882479
18.86,2.500181445189716
18.87,2.393869177036517
18.88,2.4045521465024153
18.89,2.388895604747242
18.900000000000002,2.30630290283868
18.91,2.2740701457673693
18.92,2.359251791639926
18.93,2.4536775924835346
18.94,2.5287089649398222
18.95,2.469992262242157
18.96,2.4804003042966247
18.97,2.3634490331160474
18.98,2.2201441750582926
18.990000000000002,2.2808574341084884
19.0,2.352594516952849
19.01,2.3826240843007405
19.02,2.307045122572321
19.03,2.309493255003755
19.04,2.2774975728377145
19.05,2.1297486077074854
19.06,1.9594087407392426
19.07,1.9704111447038712
19.080000000000002,1.9557580447467728
19.09,1.9880478586248314
19.1,1.8993039330003747
19.11,1.820483418883836
19.12,1.9191053735932009
19.13,1.9759454008195692
19.14,1.7121763613713368
19.150000000000002,1.6450907557999588
19.16,1.650471679381375
19.17,1.6655107034318573
19.18,1.6572114146786374
19.19,1.7045684760118347
19.2,1.728205436606137
19.21,1.7458564864722028
19.22,1.8515549704927523
19.23,1.7964526506548282
19.240000000000002,1.811910966546069
19.25,1.7675308284781925
19.26,1.7555847497373023
19.27,1.7387860422205725
19.28,1.8535081926768824
19.29,1.9032007172978789
19.3,1.8412072754104212
19.31,1.8827844276310466
19.32,1.6694088708486428
19.330000000000002,1.7110152797174316
19.34,1.765538111873517
19.35,1.718709154377739
19.36,1.6948472962010979
19.37,1.749623140046847
19.38,1.8934153425368652
19.39,2.0056467338935455
19.400000000000002,2.0382582748019082
19.41,2.009514431577604
19.42,1.9739470297970934
19.43,1.970857415183696
19.44,2.022459598127033
19.45,2.144423557947577
19.46,2.14464389462676
19.47,2.1573667569604096
19.48,2.118845414267929
19.490000000000002,2.143538209471266
19.5,2.2527493246891725
19.51,2.1826982640471906
19.52,2.1152745914406976
19.53,2.0930594945900483
19.54,2.226630089853445
19.55,2.330262692980313
19.56,2.3197650060573176
19.57,2.283775538234697
19.580000000000002,2.092742793021975
19.59,2.11442109728192
19.6,2.161479855529726
19.61,2.079984697486483
19.62,2.0939833165479462
19.63,2.0824003328683265
19.64,1.930310102691764
19.650000000000002,1.7578679137684023
19.66,1.7642601770151287
19.67,1.8356929253714904
19.68,1.8033260839191236
19.69,1.8451213254196805
19.7,1.8303576261615648
19.71,1.8998715152236083
19.72,1.9740401032453434
19.73,1.9953745048289018
19.740000000000002,1.9589463640061586
19.75,1.9204125372028187
19.76,1.9099738972373876
19.77,1.9052401735184936
19.78,1.911748631732263
19.79,1.8881536628758004
19.8,1.8820602529676556
19.81,2.0321831279323708
19.82,2.0195891017154843
19.830000000000002,1.9563257566965486
19.84,1.8429735553136464
19.85,1.9975707987663973
19.86,2.104928176596806
19.87,1.8949828994895337
19.88,1.9223371000984213
19.89,2.012939642595609
19.900000000000002,2.0340513947800254
19.91,2.0907459171533547
19.92,2.211611142184915
19.93,2.1352124877558496
19.94,2.2590064791417594
19.95,2.178027258759758
19.96,2.2451013419718464
19.97,2.3302781068341143
19.98,2.3111578778879185
19.990000000000002,2.231120016642379
20.0,2.293458957772307
20.01,2.284650434459497
20.02,2.332202515193854
20.03,2.3595434662822914
20.04,2.3627127996283424
20.05,2.26843842557041
20.06,2.3141324288852334
20.07,2.314557405425805
20.080000000000002,2.4084784774819767
20.09,2.3885272608046693
20.1,2.382268878757005
20.11,2.5416544158113945
20.12,2.435188245426785
20.13,2.376456040732453
20.14,2.385328717498426
20.150000000000002,2.5190214937285003
20.16,2.423099297386417
20.17,2.440140548400048
20.18,2.5849145315717896
20.19,2.522550499837351
20.2,2.515660999593017
20.21,2.3773160229321473
20.22,2.5022612626532696
20.23,2.4779109054146597
20.240000000000002,2.4180957775816005
20.25,2.419221814181005
20.26,2.4689965331973847
20.27,2.6365667573873677
20.28,2.5722171213295244
20.29,2.7282705286502775
20.3,2.63688454652723
20.31,2.632998178936228
20.32,2.693490469440358
20.330000000000002,2.6923680457181636
20.34,2.5923822485135486
20.35,2.5514729514459806
20.36,2.455582258968605
20.37,2.6153997573082943
20.38,2.6819510537897924
20.39,2.472366072064217
20.400000000000002,2.609470245858989
20.41,2.499940157542922
20.42,2.571714887037814
20.43,2.4809824683266264
20.44,2.503278389283044
20.45,2.507811112783009
20.46,2.5050913849821193
20.47,2.4862727007076315
20.48,2.572241369825541
20.490000000000002,2.6509150139089566
20.5,2.7879579065065943
20.51,2.80731832825418
20.52,2.7165330612086285
20.53,2.7316009167782345
20.54,2.735293983865205
20.55,2.6640301810605997
20.56,2.6728025900655012
20.57,2.657616276739835
20.580000000000002,2.616789665993071
20.59,2.5983055743448977
20.6,2.5271855611044316
20.61,2.4394055010241162
20.62,2.3040105776296262
20.63,2.365016814415242
20.64,2.4212702685523673
20.650000000000002,2.3902459785035135
20.66,2.4238840505100234
20.67,2.4579908852208376
20.68,2.3545829423767897
20.69,2.2957608584154974
20.7,2.2495627693580715
20.71,2.3547868681354758
20.72,2.313244606095367
20.73,2.2303018739388865
20.740000000000002,2.3026178139927214
20.75,2.3216422297851524
20.76,2.197098507050299
20.77,2.0631208398342107
20.78,1.9090813162762998
20.79,1.8491826864601901
20.8,1.6934572176687086
20.81,1.763108209598238
20.82,1.8212379221166077
20.830000000000002,1.8345813445045869
20.84,1.8140727573594113
20.85,1.6985981985729222
20.86,1.7674893829761773
20.87,1.7440493300227131
20.88,1.6246450960605268
20.89,1.5177315682872972
20.900000000000002,1.5959189155542954
20.91,1.5427483798889563
20.92,1.514918430134004
20.93,1.5002321580442481
20.94,1.398041668129526
20.95,1.2757333769003014
20.96,1.2484828563264214
20.97,1.3105799169446921
20.98,1.3261982827816914
20.990000000000002,1.4635033276847345
21.0,1.6329187614061924
21.01,1.7145647213004396
21.02,1.765118555398377
21.03,1.8880314981526936
21.04,1.8967272967401354
21.05,1.9338766454819178
21.06,1.8342160738888103
21.07,1.726425551911626
21.080000000000002,1.7697719084517205
21.09,1.7667402738606606
21.1,1.7528381883039912
21.11,1.664866289563652
21.12,1.6497678781248903
21.13,1.8156850543329717
21.14,1.950275350311165
21.150000000000002,1.9345161185581965
21.16,2.022019463924094
21.17,2.118307126714775
21.18,2.1338498151569416
21.19,2.1016534182702227
21.2,2.010260600126092
21.21,1.9652130759441173
21.22,1.9295951847326323
21.23,1.8260350729849864
21.240000000000002,1.825317872667542
21.25,1.8787908298627256
21.26,1.8252362238689575
21.27,1.7629718680243696
21.28,1.8192440500305829
21.29,1.812353953065441
21.3,1.8649980033673852
21.31,1.870216249182028
21.32,1.9169482946182452
21.330000000000002,1.8953331280714165
21.34,1.7970690379108958
21.35,1.8379456703569894
21.36,1.832875725518846
21.37,1.8427995943076019
21.38,1.9075482243363022
21.39,1.8961095131867371
21.400000000000002,1.9038609337318717
21.41,1.920646812925032
21.42,1.8645581391434438
21.43,1.8323907264646193
21.44,1.7471804280535759
21.45,1.78379651679759
21.46,1.7781814301136118
21.47,1.6648034338499746
21.48,1.6660988376555073
21.490000000000002,1.6859646159449964
21.5,1.6660717625527242
21.51,1.6772324782274688
21.52,1.6961491962028883
21.53,1.5686588282800655
21.54,1.6987866294641663
21.55,1.4976529860844396
21.56,1.435659186037282
21.57,1.5475528440449198
21.580000000000002,1.535338716454881
21.59,1.4274015193808853
21.6,1.3264825791827257
21.61,1.3954878555478056
21.62,1.3847283891801743
21.63,1.3951263349267466
21.64,1.3667065220409644
21.650000000000002,1.3497475071926777
21.66,1.3691509691790962
21.67,1.3248114657547823
21.68,1.3658422528289031
21.69,1.4296130547792545
21.7,1.4535812544816427
21.71,1.495440216794368
21.72,1.5710602245991965
21.73,1.606288908498872
21.740000000000002,1.6255301484170948
21.75,1.5813125641835217
21.76,1.3981498705934188
21.77,1.4482141218771314
21.78,1.4194755659137321
21.79,1.4816010577786551
21.8,1.5827093847044478
21.81,1.5803543595133698
21.82,1.6790781080858461
21.830000000000002,1.6029283075486824
21.84,1.6176850773114857
21.85,1.477873632248139
21.86,1.3234396072167183
21.87,1.3723371978536696
21.88,1.4366073089519749
21.89,1.4808743910639497
21.900000000000002,1.3902658812098427
21.91,1.4927751029965899
21.92,1.4576530761155728
21.93,1.4999193290358723
21.94,1.6262107954254292
21.95,1.5027160815034284
21.96,1.4358450562639806
21.97,1.4019462030856324
21.98,1.3859211137329295
21.990000000000002,1.2946871263177713
22.0,1.28525517367437
22.01,1.4541670070054271
22.02,1.465003115620266
22.03,1.6383952318643609
22.04,1.717795177512712
22.05,1.746261691578942
22.06,1.924599484849048
22.07,1.972481806397625
22.080000000000002,1.9562410769267105
22.09,1.767918558409758
22.1,1.6485522401811656
22.11,1.633264642485274
22.12,1.68440348220086
22.13,1.7489728771873532
22.14,1.866426381321065
22.150000000000002,1.8836366848302204
22.16,2.018747025584001
22.17,2.0474299661296516
22.18,2.065930586691224
22.19,2.0578463655354406
22.2,2.082252876887582
22.21,1.9213016281284427
22.22,2.097881150189915
22.23,2.129929752781915
22.240000000000002,2.0393398945736454
22.25,1.9254215992615142
22.26,1.9310682436590156
22.27,1.928298598137192
22.28,1.9328080961121714
22.29,1.8033573015473587
22.3,1.9175446552543673
22.31,1.8610379750195012
22.32,1.770346191862027
22.330000000000002,1.6881438480028252
22.34,1.7184043029563065
22.35,1.6743914904822077
22.36,1.657578709134976
22.37,1.743632700550808
22.38,1.76884013738381
22.39,1.7775977308633548
22.400000000000002,1.7824570505572421
22.41,1.7514519928797614
22.42,1.7966114046692054
22.43,1.8559324545282359
22.44,1.8276792688531924
22.45,1.9419334369908134
22.46,1.8206032326523662
22.47,1.7929567157410626
22.48,1.7755104820475283
22.490000000000002,1.8382400243945176
22.5,1.8391579286772233
22.51,1.8399453088396247
22.52,1.7327323606541385
22.53,1.7458345493274654
22.54,1.7160047624043817
22.55,1.7452224600978004
22.56,1.7341212228613576
22.57,1.680430304271783
22.580000000000002,1.8318030749699548
22.59,1.8172153645792792
22.6,1.8805580161369164
22.61,1.7930164224786844
22.62,1.6349437299809466
22.63,1.6298433838194326
22.64,1.6096031211827297
22.650000000000002,1.7314902345774597
22.66,1.7419996155424509
22.67,1.7424540686371348
22.68,1.6456667010819412
22.69,1.7339668151101733
22.7,1.7099753004129006
22.71,1.7647307959182492
22.72,1.590926103397626
22.73,1.5259537244814094
22.740000000000002,1.658805221515706
22.75,1.6727245945900262
22.76,1.7063797455891005
22.77,1.824089942652657
22.78,1.7839965854271465
22.79,1.7945544679478453
22.8,1.8735947114190377
22.81,1.971421753350588
22.82,1.9852616801898924
22.830000000000002,2.0513857347466833
22.84,2.0093553420067227
22.85,2.061032619861631
22.86,2.0581063756318794
22.87,2.2040336853300055
22.88,2.2065529148517387
22.89,2.1847853187114246
22.900000000000002,2.1946982712094543
22.91,2.264928821469157
22.92,2.2440700982958357
22.93,2.266517547431885
22.94,2.4015254758684526
22.95,2.5007876122767634
22.96,2.5939021204495356
22.97,2.5854518286955344
22.98,2.6614935782878972
22.990000000000002,2.671820118929671
23.0,2.6758270696347037
23.01,2.795525638939188
23.02,2.779246380308662
23.03,2.676177739022169
23.04,2.7329552880665475
23.05,2.714208429264473
23.06,2.782182970090277
23.07,2.8067444726296533
23.080000000000002,2.855930043920699
23.09,2.8683322241835145
23.1,2.810711015876821
23.11,2.897200329900966
23.12,2.8445389087428525
23.13,2.767795531462373
23.14,2.768480922383933
23.150000000000002,2.6000953973755
23.16,2.500328517899207
23.17,2.546988772347909
23.18,2.504065949196467
23.19,2.5778771204129
23.2,2.727210571460279
23.21,2.8056418308413305
23.22,2.7708653144384283
23.23,2.646004264526831
23.240000000000002,2.5726007528419634
23.25,2.669275832448744
23.26,2.606231276881235
23.27,2.456321991298114
23.28,2.5648013675622816
23.29,2.578349694014697
23.3,2.555960052291888
23.31,2.4875714311610513
23.32,2.4796336892405892
23.330000000000002,2.3765177505907102
23.34,2.3153680920228155
23.35,2.303680645145935
23.36,2.349716749302491
23.37,2.3146679223302784
23.38,2.250555969474338
23.39,2.3329199011433683
23.400000000000002,2.1994993091463613
23.41,2.2036653823154015
23.42,2.2932137634848693
23.43,2.3537174862033217
23.44,2.425135340663436
23.45,2.4619743579415485
23.46,2.510740717732555
23.47,2.455431972832925
23.48,2.397519437614186
23.490000000000002,2.5179039719538174
23.5,2.5069154611958
23.51,2.4294166872522798
23.52,2.319175434091462
23.53,2.124650564072047
23.54,2.061570317950072
23.55,2.0613796939029134
23.56,2.1365680521774997
23.57,2.1542934021942353
23.580000000000002,2.267150760100999
23.59,2.3260174714404473
23.6,2.3958819529846958
23.61,2.3368434497962656
23.62,2.3650683484114814
23.63,2.16178708318586
23.64,2.248698115982132
23.650000000000002,2.142147270380383
23.66,2.1532291835012094
23.67,2.230323918229932
23.68,2.3141690573955342
23.69,2.255221093756444
23.7,2.2500559596920717
23.71,2.410312661214007
23.72,2.4496751275042423
23.73,2.5676453954558034
23.740000000000002,2.5636838598286222
23.75,2.792345375467733
23.76,2.8063044140294067
23.77,2.8041897211435693
23.78,2.7682030023451363
23.79,2.7249648949479903
23.8,2.7212498149411073
23.81,2.7469821567703447
23.82,2.6098168756558056
23.830000000000002,2.8465618078297283
23.84,2.7678623501562187
23.85,2.8086839263589325
23.86,2.760340845806205
23.87,2.6200988566356473
23.88,2.5957853898699264
23.89,2.562230454740957
23.900000000000002,2.6116868621682556
23.91,2.6757234146551485
23.92,2.736402622255051
23.93,2.7451703721981233
23.94,2.931302452186627
23.95,2.990001639739856
23.96,2.9894934958636457
23.97,2.9983207853164324
23.98,2.9310824619960587
23.990000000000002,3.0095099177894844
24.0,2.9124018323411467
24.01,2.9922298094199262
24.02,3.0386145191993954
24.03,3.0594494030403974
24.04,2.9185351991349813
24.05,2.9448015722885863
24.060000000000002,3.081921536251601
24.07,3.2081716432352683
24.080000000000002,3.287078579769875
24.09,3.116435426766437
24.1,3.1626767500041626
24.11,3.120089931695229
24.12,3.0861936932952494
24.13,3.11629953048521
24.14,3.0884236940280974
24.150000000000002,3.0680762841609814
24.16,3.0475440332030317
24.17,2.970154064211511
24.18,3.0295472499591765
24.19,3.1634123239240903
24.2,3.1686760910429155
24.21,3.2081319800793113
24.22,3.228156760608964
24.23,3.0612393217322014
24.240000000000002,3.10708882464977
24.25,3.038022872534373
24.26,2.9625738580321097
24.27,2.8940320663474437
24.28,3.0385116271781216
24.29,3.1256352634348104
24.3,3.1919282047309157
24.310000000000002,3.2052489266370596
24.32,3.2513528588410545
24.330000000000002,3.2074165230367906
24.34,3.1678016105200686
24.35,3.060673822291794
24.36,3.0340001633784435
24.37,3.089821298632233
24.38,3.127086321018578
24.39,3.1113797380431323
24.400000000000002,2.967524755214946
24.41,3.023798653924409
24.42,3.0411709311991957
24.43,2.888906925759107
24.44,2.8306608543863176
24.45,2.9553237308146345
24.46,2.8408738223479104
24.47,2.850689074519652
24.48,2.9127673116202484
24.490000000000002,2.935602755218653
24.5,2.9112620964359914
24.51,2.933423189920454
24.52,3.0124615337589784
24.53,2.887743451079214
24.54,2.743795398887987
24.55,2.8655495862389753
24.560000000000002,2.867690301948514
24.57,3.0432896962364984
24.580000000000002,2.9608116030614995
24.59,3.005680186725884
24.6,2.9040642811683783
24.61,2.8689437175764754
24.62,2.8333166895939446
24.63,2.7416315695156217
24.64,2.8217310437759062
24.650000000000002,2.787111039728215
24.66,2.7767806101402424
24.67,2.9645161639024575
24.68,2.992196978993499
24.69,2.9173556045118207
24.7,2.7224024522219206
24.71,2.828754156247718
24.72,2.9038593235708863
24.73,2.7797296899231987
24.740000000000002,2.7571182307998683
24.75,2.6498927207162066
24.76,2.6216972180142455
24.77,2.5249391611675307
24.78,2.381905223653849
24.79,2.3545238146075795
24.8,2.371047278253012
24.810000000000002,2.2593165954554246
24.82,2.3930625767727185
24.830000000000002,2.4608989803853705
24.84,2.3820451688958952
24.85,2.250534455987449
24.86,2.273996697755967
24.87,2.2392742717158587
24.88,2.28028128618912
24.89,2.1251486863498337
24.900000000000002,2.170816549672229
24.91,2.252978472979928
24.92,2.3046142937534295
24.93,2.1660856677336056
24.94,2.07833173312707
24.95,2.084625053967504
24.96,2.1573105478013743
24.97,2.2092376873379784
24.98,2.2030852176121876
24.990000000000002,2.01428541827873
25.0,2.0958320641909305
25.01,1.964575457603244
25.02,2.0431354952630483
25.03,2.127276024624171
25.04,2.282282414173888
25.05,2.3014625025091475
25.060000000000002,2.216030163055693
25.07,2.0755732883757623
25.080000000000002,1.9728204882086595
25.09,1.8093792431168225
25.1,1.8419036303579293
25.11,1.8129039619076275
25.12,1.6507389969355462
25.13,1.5480149311529632
25.14,1.5170273289761027
25.150000000000002,1.534921215361756
25.16,1.6013695444728067
25.17,1.6529381838316
25.18,1.578182396475387
25.19,1.4985355329540224
25.2,1.4897510278658175
25.21,1.6434956357002135
25.22,1.651744820134869
25.23,1.641846544928555
25.240000000000002,1.6091258508495634
25.25,1.4096727124798336
25.26,1.3193478317700829
25.27,1.2510607739252495
25.28,1.3444976759324985
25.29,1.2943238355354898
25.3,1.1452128909506838
25.310000000000002,1.1987270449385667
25.32,1.124393818026845
25.330000000000002,1.2492491385922717
25.34,1.252566615331563
25.35,1.263320637676116
25.36,1.2970168659731973
25.37,1.3355562505221108
25.38,1.4204976001567278
25.39,1.3342559677055135
25.400000000000002,1.3519467885149785
25.41,1.3394514105996091
25.42,1.4257404783927492
25.43,1.39458712404139
25.44,1.4506521225133713
25.45,1.4874997820924685
25.46,1.3947632247883617
25.47,1.3443687832647386
25.48,1.3372199823908466
25.490000000000002,1.2618877383430054
25.5,1.2833921145443488
25.51,1.224658611586633
25.52,1.2754733855405016
25.53,1.3039724021550203
25.54,1.3354462623540533
25.55,1.3800675632451125
25.560000000000002,1.393041503319237
25.57,1.4356298311299136
25.580000000000002,1.3493471339531267
25.59,1.2564880079436882
25.6,1.3324506528058917
25.61,1.215112478052965
25.62,1.2334118190377426
25.63,1.2645698698838659
25.64,1.2394327520402397
25.650000000000002,1.1892124241152509
25.66,1.1708656363010344
25.67,1.1908431193319093
25.68,1.0588825202273853
25.69,1.0698494121637399
25.7,1.1541767875228308
25.71,1.0617224969836014
25.72,1.1306283767766738
25.73,1.1416425120897795
25.740000000000002,1.1505158919088627
25.75,1.08934375331145
25.76,1.084531445134558
25.77,1.0780472238657524
25.78,1.0274210721880936
25.79,0.9920672291307637
25.8,1.0864589662466813
25.810000000000002,0.9938237985964984
25.82,0.9554394882908346
25.830000000000002,0.9203120427292609
25.84,1.009284796088243
25.85,0.7984082106908953
25.86,0.82329073771014
25.87,0.8795442110129488
25.88,0.875490021150379
25.89,0.9433221428045975
25.900000000000002,0.9858846046507825
25.91,0.9625887490086036
25.92,1.00583221295272
25.93,0.9979440927520516
25.94,0.9922994627446624
25.95,1.107156524234293
25.96,1.0916278425637187
25.97,0.9686197175027321
25.98,0.8976695527235883
25.990000000000002,0.770224697674749
26.0,0.6777297124164707
26.01,0.709552149769869
26.02,0.8562394099898274
26.03,0.9530626637509014
26.04,0.9760376622270304
26.05,1.121109604171667
26.060000000000002,1.1847425517947519
26.07,1.2462193858568977
26.080000000000002,1.1984108529857953
26.09,1.16465774103883
26.1,1.199970594173067
26.11,1.3082361435837258
26.12,1.250867047403222
26.13,1.2069921858769057
26.14,1.158826710128413
26.150000000000002,1.0649210127867612
26.16,1.2479469574402922
26.17,1.2814570410844057
26.18,1.1172591478015514
26.19,1.0593634062608375
26.2,1.1204083921078642
26.21,1.0909959719484608
26.22,0.9989165896144723
26.23,1.067341857445054
26.240000000000002,1.1708643946636852
26.25,1.2545384083584812
26.26,1.2146467675929578
26.27,1.3135030663231657
26.28,1.3214379507046545
26.29,1.3468997668081002
26.3,1.32753111561494
26.310000000000002,1.3735771618065538
26.32,1.3559435617344282
26.330000000000002,1.302952827376568
26.34,1.3575474127180582
26.35,1.3645069657337179
26.36,1.549899333896271
26.37,1.5678041512941534
26.38,1.4854979059158857
26.39,1.5193592117661674
26.400000000000002,1.5421574274605483
26.41,1.543108814972123
26.42,1.54579083494626
26.43,1.4870951718642866
26.44,1.431644143502151
26.45,1.2483840794478864
26.46,1.2973652901449815
26.47,1.4697621387729205
26.48,1.3051135499688487
26.490000000000002,1.4105535242422345
26.5,1.3167851021028316
26.51,1.331626601189808
26.52,1.3610490478558568
26.53,1.3270486489449347
26.54,1.3826212374478486
26.55,1.265391018864892
26.560000000000002,1.2692086520958412
26.57,1.292890993052801
26.580000000000002,1.410386277140513
26.59,1.3852135702872659
26.6,1.4920841082126144
26.61,1.5288287030513743
26.62,1.4897502535193277
26.63,1.600867961473494
26.64,1.630790307015203
26.650000000000002,1.5406055076641232
26.66,1.5624767063372118
26.67,1.5859511538047297
26.68,1.6527963630064058
26.69,1.6353676465007707
26.7,1.533146101498419
26.71,1.5457233292145978
26.72,1.5652718341469538
26.73,1.5456226815095826
26.740000000000002,1.5155165336038152
26.75,1.4956472744199123
26.76,1.5066730422694463
26.77,1.5296727647601467
26.78,1.5221326558040842
26.79,1.6699284361227524
26.8,1.489281845468088
26.810000000000002,1.5883389881749004
26.82,1.5190146474843556
26.830000000000002,1.5322054478867413
26.84,1.5218452374441764
26.85,1.3804073834984332
26.86,1.3028726570656695
26.87,1.2520456315420196
26.88,1.2749794028519459
26.89,1.344626111947892
26.900000000000002,1.3048797929703437
26.91,1.2994462500377701
26.92,1.2271500713391061
26.93,1.224108310536051
26.94,1.1725433294200607
26.95,1.1693763003373172
26.96,1.1410460759415944
26.97,1.1813802756495757
26.98,1.3583427631758411
26.990000000000002,1.3768628400089635
27.0,1.3667194700197227
27.01,1.4627370003034526
27.02,1.5207821372634003
27.03,1.5421620820790556
27.04,1.5515473793417562
27.05,1.6172798693032406
27.060000000000002,1.5875266779846637
27.07,1.6455962904181272
27.080000000000002,1.641574138679523
27.09,1.6435215704120083
27.1,1.7212825849964266
27.11,1.7880052530642538
27.12,1.7193498013660042
27.13,1.6229333478380696
27.14,1.7047633219615959
27.150000000000002,1.7665139242797603
27.16,1.7266554483173786
27.17,1.7177619465651248
27.18,1.5764841877702787
27.19,1.822174143150856
27.2,1.735665183385097
27.21,1.7228197126634759
27.22,1.6571010471090601
27.23,1.5758980073153661
27.240000000000002,1.6197405069231048
27.25,1.63875876207632
27.26,1.7512515963717092
27.27,1.902823638466686
27.28,1.8538596465852843
27.29,1.923548851590981
27.3,1.9322086323631957
27.310000000000002,1.9476684241708682
27.32,1.9335228168776768
27.330000000000002,1.9018982027517761
27.34,1.8641703271084573
27.35,1.9181077957768133
27.36,1.9137983665817353
27.37,1.9206581559776728
27.38,1.9214521311264365
27.39,1.9489299256686865
27.400000000000002,1.8224098817460306
27.41,1.7989689255034624
27.42,1.6967166918768122
27.43,1.630388117968424
27.44,1.5581810312835669
27.45,1.7429153584182413
27.46,1.6691635038878252
27.47,1.554601397084112
27.48,1.4783689865244602
27.490000000000002,1.4604875587346384
27.5,1.5344585599523266
27.51,1.5455936051387102
27.52,1.6565803404750283
27.53,1.741987669408294
27.54,1.7372465031653617
27.55,1.9283538106075242
27.560000000000002,1.889105496707084
27.57,2.1194550541673767
27.580000000000002,2.0558764241376384
27.59,1.935668781347122
27.6,1.9588074308319126
27.61,1.9755805086377378
27.62,1.954848336121956
27.63,1.9548792198556488
27.64,2.140300392043705
27.650000000000002,1.9980090890537303
27.66,1.984252773598862
27.67,2.0796907354184793
27.68,2.0530348129703895
27.69,2.0402189031959397
27.7,2.0426597175291814
27.71,2.1512766261875913
27.72,2.1411178405264613
27.73,2.1048430251839094
27.740000000000002,2.169343727715253
27.75,2.0396785306627248
27.76,1.9471153721276109
27.77,2.0448706423541423
27.78,2.0091386247704257
27.79,2.0237422159742273
27.8,1.9698598640685068
27.810000000000002,1.9789633387194385
27.82,1.9285198426474788
27.830000000000002,1.9416601398013313
27.84,1.9538287451743355
27.85,2.0028180196487444
27.86,2.089699930762275
27.87,2.080960310043201
27.88,1.9868968487310468
27.89,1.970165191767379
27.900000000000002,2.0619846512962225
27.91,2.0487544801880704
27.92,2.0612180895918386
27.93,2.214889807203812
27.94,2.35559954360301
27.95,2.4065175280582145
27.96,2.448040724603876
27.97,2.392025752115831
27.98,2.3920776156715498
27.990000000000002,2.469189409651299
28.0,2.618440732093129
28.01,2.5553905532823347
28.02,2.5293672483474396
28.03,2.4952436110532235
28.04,2.500777289441459
28.05,2.455810595771364
28.060000000000002,2.4293433069876977
28.07,2.3811048153027543
28.080000000000002,2.4904176607469353
28.09,2.550848233139149
28.1,2.559612241249012
28.11,2.4527401884573856
28.12,2.5592848378424984
28.13,2.3730534826024288
28.14,2.3396167431314625
28.150000000000002,2.325297770706212
28.16,2.326105010209398
28.17,2.21303621316069
28.18,2.114632985810006
28.19,2.032003903038382
28.2,2.11393105926577
28.21,2.0162893436280878
28.22,1.8885000916268702
28.23,1.8078239871788775
28.240000000000002,1.7960473426442705
28.25,1.8693523673518786
28.26,1.918507585252405
28.27,2.016237637755975
28.28,1.9974102382039645
28.29,2.0055078287956616
28.3,1.9093469199153126
28.310000000000002,1.8517997621574922
28.32,1.9774022868469712
28.330000000000002,1.9224128449526414
28.34,1.9500736641515826
28.35,1.8965392429995034
28.36,1.970559161293957
28.37,2.024596222897171
28.38,1.993841407057758
28.39,2.26819512801839
28.400000000000002,2.333093038576373
28.41,2.2285603015679443
28.42,2.3203343103736414
28.43,2.2722008754261744
28.44,2.309249551927237
28.45,2.2541072611919533
28.46,2.1196962706521303
28.47,2.1882912507957957
28.48,2.0984282707272075
28.490000000000002,2.143405930764864
28.5,2.052686559507627
28.51,2.085795128073486
28.52,2.1047757220693337
28.53,2.1049764854583684
28.54,2.1000661091277983
28.55,2.104210447676537
28.560000000000002,1.9457986231420221
28.57,1.8351739147316057
28.580000000000002,1.8591480962406586
28.59,1.7947501313546508
28.6,1.8827700996687575
28.61,1.9501696011934349
28.62,1.8855503196669752
28.63,1.8458637228901515
28.64,1.8196708945436542
28.650000000000002,1.8339386579814634
28.66,1.908831699488464
28.67,1.7949399386347156
28.68,1.7506981097128549
28.69,1.7344873111371009
28.7,1.7697213221309132
28.71,1.8089056023946692
28.72,1.7916968809573843
28.73,1.7956131371178368
28.740000000000002,1.7018288577507092
28.75,1.715041657535534
28.76,1.6444511540618565
28.77,1.676710460623687
28.78,1.6179793680093453
28.79,1.6139642300028223
28.8,1.7513349296278986
28.810000000000002,1.6234292576365132
28.82,1.5593875768947185
28.830000000000002,1.6312354984427324
28.84,1.6467358255804825
28.85,1.68676537290094
28.86,1.7605573756249149
28.87,1.7379496412520254
28.88,1.8223268199503437
28.89,1.8438443097497372
28.900000000000002,1.7440117520852796
28.91,1.7112887507666428
28.92,1.766337220049522
28.93,1.8847946627045191
28.94,1.841878001772636
28.95,1.8548909911320726
28.96,1.9217855387766052
28.97,2.002195233548868
28.98,2.1946103176084013
28.990000000000002,2.253735720550704
29.0,2.199745143047393
29.01,2.246422950271014
29.02,2.2200598971055565
29.03,2.332700427907954
29.04,2.3410814577315837
29.05,2.4036807444316173
29.060000000000002,2.310329312960818
29.07,2.167623139079217
29.080000000000002,2.0842259835342754
29.09,2.090210420122025
29.1,2.045466006855092
29.11,1.9100165883314937
29.12,1.9622245693206144
29.13,1.9840316985273185
29.14,1.9934370733965365
29.150000000000002,1.975189903529205
29.16,2.001474223941705
29.17,1.951327021303931
29.18,1.9752722836515701
29.19,1.9572462993853712
29.2,1.8897997679040508
29.21,1.8761215224896926
29.22,1.6880250195169242
29.23,1.7101199756667913
29.240000000000002,1.8211052855699066
29.25,1.798649253147403
29.26,1.7375550587328772
29.27,1.625460125827894
29.28,1.5453107309947316
29.29,1.4435240998533325
29.3,1.2416524335902566
29.310000000000002,1.0654331301856157
29.32,1.1288243397188702
29.330000000000002,1.219269068073978
29.34,1.256249914839022
29.35,1.0789694206988034
29.36,1.1349577374289055
29.37,1.234628025070257
29.38,1.026983830146956
29.39,1.088030517288489
29.400000000000002,1.1515969007685634
29.41,1.0851417960422045
29.42,0.9909674147665776
29.43,0.8722177000365916
29.44,0.8940713485294508
29.45,0.8645012759938059
29.46,0.8528609529446124
29.47,0.6775304596530684
29.48,0.6179272227103924
29.490000000000002,0.5723007551037147
29.5,0.5752877101646369
29.51,0.45909761963327245
29.52,0.5497409151899939
29.53,0.5424906121880821
29.54,0.5855625123589098
29.55,0.5869386196789541
29.560000000000002,0.5073230342736057
29.57,0.6602559390312246
29.580000000000002,0.809364433695489
29.59,0.9174151045357415
29.6,0.7467678815214088
29.61,0.6621503525770588
29.62,0.8026329010225985
29.63,0.9719112012092415
29.64,0.9639316156293143
29.650000000000002,1.0099125698793305
29.66,0.9443028818922059
29.67,1.030146090370312
29.68,0.9604693804721919
29.69,1.0652230659115989
29.7,1.1886678754022042
29.71,1.1518685999865392
29.72,1.0907863935329745
29.73,1.2890843707768662
29.740000000000002,1.357955302965476
29.75,1.3278473475666253
29.76,1.3653889718091992
29.77,1.3783818631490063
29.78,1.471966050128612
29.79,1.4554605872147666
29.8,1.506972166375031
29.810000000000002,1.6364886269117556
29.82,1.682893335524828
29.830000000000002,1.695076283533436
29.84,1.7093378083910382
29.85,1.6106684987528572
29.86,1.5908812251208266
29.87,1.5741944936800496
29.88,1.6433607937335897
29.89,1.648740342453502
29.900000000000002,1.6561235656444306
29.91,1.5721683002435936
29.92,1.566951152825835
29.93,1.4602976125464917
29.94,1.4567961325983148
29.95,1.4567588698111316
29.96,1.333794568189589
29.97,1.366361964842845
29.98,1.4702698411111814
29.990000000000002,1.2806786931511271
30.0,1.338575990578249
30.01,1.3237928537518613
30.02,1.3986912957487627
30.03,1.3598053727856254
30.04,1.4184635721195422
30.05,1.4741200191508437
30.060000000000002,1.419213096506294
30.07,1.5208732926698019
30.080000000000002,1.3967931955825552
30.09,1.3817085186009088
30.1,1.4197409649172732
30.11,1.3610881789303921
30.12,1.4302592274855606
30.13,1.4817551066933152
30.14,1.4660493970567015
30.150000000000002,1.4603651949932277
30.16,1.398227326634562
30.17,1.3980601714775136
30.18,1.3969545512880959
30.19,1.4796690528329874
30.2,1.4235029407206836
30.21,1.436301494949352
30.22,1.3563857583391787
30.23,1.3809726300108045
30.240000000000002,1.3524278861398993
30.25,1.1771468589955887
30.26,1.1421123296878073
30.27,1.0904589100147661
30.28,1.113352010957131
30.29,1.1913138497510658
30.3,1.1779288861924442
30.310000000000002,1.293446532591265
30.32,1.2746044266961973
30.330000000000002,1.1736956304254236
30.34,1.13772921361534
30.35,1.2528055541158467
30.36,1.3498761329248274
30.37,1.371484426561885
30.38,1.3763347898953655
30.39,1.3810165528176137
30.400000000000002,1.305915516082833
30.41,1.3276862760571628
30.42,1.3978951443695238
30.43,1.4545046793947103
30.44,1.4479213617991396
30.45,1.352505529578289
30.46,1.4127495231672853
30.47,1.4685854704490198
30.48,1.5593799029838173
30.490000000000002,1.6030910845228912
30.5,1.5418429452098545
30.51,1.4937443916086417
30.52,1.4903274361374106
30.53,1.5215980048888962
30.54,1.395895093768193
30.55,1.3877726256036236
30.560000000000002,1.4446226615699522
30.57,1.3710090650668116
30.580000000000002,1.357129440418017
30.59,1.5316789083214835
30.6,1.6137915171363986
30.61,1.5216435434325146
30.62,1.6029913681002614
30.63,1.7017943177526014
30.64,1.7654116573843261
30.650000000000002,1.7001835853203822
30.66,1.6534306011245943
30.67,1.5560360235756916
30.68,1.6131602459364671
30.69,1.6858514033328995
30.7,1.7125108920956615
30.71,1.755350731324018
30.72,1.8225364209168198
30.73,1.9871886164157764
30.740000000000002,1.9913879951961484
30.75,2.0398228558628317
30.76,2.1771434121247473
30.77,2.1648002769806367
30.78,2.094190637345017
30.79,2.201316278304489
30.8,2.3138896544788947
30.810000000000002,2.389084612526955
30.82,2.373730477742568
30.830000000000002,2.3193906870569263
30.84,2.312020894468114
30.85,2.37705466201736
30.86,2.358996467878652
30.87,2.2782744214820307
30.88,2.236737912484538
30.89,2.2341358963730102
30.900000000000002,2.210347864519862
30.91,2.1966099542261053
30.92,2.1952173475425782
30.93,2.1920522183174227
30.94,2.147358096805478
30.95,2.232856788426327
30.96,2.3234967200566308
30.970000000000002,2.368618886314153
30.98,2.4315843961517247
30.990000000000002,2.3896583928684607
31.0,2.30416666129037
31.01,2.362252807756672
31.02,2.4071445842358234
31.03,2.249318820804382
31.04,2.3402622280939256
31.05,2.3453194612461616
31.060000000000002,2.356829590315705
31.07,2.23894327238869
31.080000000000002,2.242170823993347
31.09,2.001182386707118
31.1,2.0087567589194255
31.11,1.9450679530788357
31.12,1.8876862714758678
31.13,1.7863029703672515
31.14,1.806160317071734
31.150000000000002,1.9226851559097302
31.16,1.91572961422729
31.17,1.9261034228218739
31.18,1.8354729700461125
31.19,1.8922195475773556
31.2,1.8872147286272738
31.21,1.967349182650825
31.220000000000002,1.9169918038699212
31.23,1.8475098894134536
31.240000000000002,1.8654112115683037
31.25,1.8675308426554518
31.26,1.9402146024461144
31.27,1.9669187840548543
31.28,2.0842793288206707
31.29,2.035568907606707
31.3,2.0483757206039765
31.310000000000002,2.224497492938735
31.32,2.25032421373839
31.330000000000002,2.2379728369871885
31.34,2.380723398096015
31.35,2.3301829226950397
31.36,2.2744592747325707
31.37,2.3675397636285505
31.38,2.4610199269803834
31.39,2.3370982691887248
31.400000000000002,2.2476498174339627
31.41,2.291285382031018
31.42,2.321431507662404
31.43,2.290252919109741
31.44,2.357042285615082
31.45,2.4993902240078576
31.46,2.2874041823335673
31.470000000000002,2.3526978210121743
31.48,2.371053701211844
31.490000000000002,2.2591580040259447
31.5,2.180590174379078
31.51,2.3228645084504915
31.52,2.249685006911953
31.53,2.2363860035375165
31.54,2.186972863046764
31.55,2.1534921155770763
31.560000000000002,2.2925404337918045
31.57,2.2636770651380504
31.580000000000002,2.353374301455106
31.59,2.427196412020969
31.6,2.289274007548253
31.61,2.225694965298451
31.62,2.2806896116682944
31.63,2.3151375426807848
31.64,2.3458906531438943
31.650000000000002,2.361639373906813
31.66,2.3279255753769137
31.67,2.2723314711205895
31.68,2.271294158239742
31.69,2.2764027167972176
31.7,2.2045517294861936
31.71,2.0993079500649507
31.720000000000002,2.2522357099301322
31.73,2.17952363210014
31.740000000000002,2.0683520933493056
31.75,2.027001437604897
31.76,1.900760213849814
31.77,1.7964625667006136
31.78,1.714729784113725
31.79,1.5770383930927856
31.8,1.5795316266612196
31.810000000000002,1.5706728187248586
31.82,1.517502690301862
31.830000000000002,1.4741306820228433
31.84,1.5322902947211174
31.85,1.5123902863650103
31.86,1.444459535925502
31.87,1.4522633484567877
31.88,1.508227112813445
31.89,1.5838495499601264
31.900000000000002,1.6232649371794887
31.91,1.7566867700223237
31.92,1.8221849241226042
31.93,1.6147334442207084
31.94,1.5628470183781331
31.95,1.5729484514839107
31.96,1.5824096967065213
31.970000000000002,1.5609289497355725
31.98,1.5785190667270683
31.990000000000002,1.588531951880196
32.0,1.7455132157068551
32.01,1.8536441120895328
32.02,1.842413534404846
32.03,1.9120908474172855
32.04,1.8500570289457285
32.05,1.864526344784731
32.06,1.7510129223458493
32.07,1.7941457292918466
32.08,1.7132333170781242
32.09,1.6664386823682928
32.1,1.695199905773044
32.11,1.6643776013195162
32.12,1.706422961204938
32.13,1.6317050592281819
32.14,1.6218373630087493
32.15,1.484013583185448
32.160000000000004,1.4905577539160606
32.17,1.2516407228073476
32.18,1.1322783566572632
32.19,1.169737736283518
32.2,1.2012433805260263
32.21,1.1079200818212633
32.22,1.1193725198428222
32.230000000000004,1.0054271148200948
32.24,0.9919046260995644
32.25,1.0092325687395065
32.26,1.058745014942407
32.27,1.0370591595494936
32.28,1.2276062754340487
32.29,1.2258956904231533
32.3,1.297610335616843
32.31,1.3555717019074154
32.32,1.4590541379923825
32.33,1.423430289033067
32.34,1.432791154591892
32.35,1.3601981391270086
32.36,1.3691645902264564
32.37,1.3708306764733909
32.38,1.2532185638147286
32.39,1.231219228488048
32.4,1.2569829028355997
32.410000000000004,1.2277344313031815
32.42,1.2815302444740386
32.43,1.2323520196716062
32.44,1.1418592078860141
32.45,1.2146434141040836
32.46,1.1269358976035941
32.47,1.0551136916364436
32.480000000000004,0.9177368253476968
32.49,0.9303053036690924
32.5,0.8306883809225053
32.51,0.7404265981080115
32.52,0.6734458129627348
32.53,0.6770235243546886
32.54,0.7204343356455244
32.55,0.8572998649283117
32.56,0.9058333342508512
32.57,0.9546906046101099
32.58,1.0041401109264207
32.59,0.8958138163515333
32.6,0.750131054833777
32.61,0.7203571787187173
32.62,0.7130885181855864
32.63,0.7269881557734055
32.64,0.6216275873249377
32.65,0.4573106773454907
32.660000000000004,0.34028128646943945
32.67,0.45235851221353024
32.68,0.40827239587379033
32.69,0.404883863208081
32.7,0.28421476320142114
32.71,0.2805299540631602
32.72,0.14194758001478994
32.730000000000004,0.2628275239942745
32.74,0.2754315316415119
32.75,0.3085520398178916
32.76,0.35513451488945014
32.77,0.44736900609469077
32.78,0.49314311920222587
32.79,0.592308735449708
32.8,0.6973589454798298
32.81,0.7195432467527928
32.82,0.6482424095241117
32.83,0.6615997526301396
32.84,0.6129469753654023
32.85,0.573803310379616
32.86,0.5491839859393505
32.87,0.4085122005179521
32.88,0.389675617941967
32.89,0.36107434939589184
32.9,0.2535807817746605
32.910000000000004,0.32316969688744657
32.92,0.17933571165024814
32.93,0.1518087490547423
32.94,0.13628684025560858
32.95,0.19139181680968323
32.96,0.30495220877595763
32.97,0.3137595842720826
32.980000000000004,0.34741664371835845
32.99,0.3462625964216435
33.0,0.4209677874619616
33.01,0.3752898016009381
33.02,0.5012035854411813
33.03,0.6139890109973792
33.04,0.6924082985562768
33.05,0.7636770632330623
33.06,0.7326642035105012
33.07,0.705199018189443
33.08,0.7887088005472057
33.09,0.7061900894911337
33.1,0.7067216504689026
33.11,0.6983634327355712
33.12,0.640047997251297
33.13,0.6779882914978923
33.14,0.603227232525076
33.15,0.6664630159181443
33.160000000000004,0.6511689297865972
33.17,0.674329693506625
33.18,0.7547244852832053
33.19,0.9245450307838621
33.2,0.8877947461886795
33.21,0.8941250868585384
33.22,0.8003558361377022
33.230000000000004,0.8224181636403587
33.24,0.7810528728775011
33.25,0.8434851940260732
33.26,0.8834411535055797
33.27,0.8928502809707701
33.28,0.8427797695470628
33.29,0.7633035494818107
33.3,0.714341233923937
33.31,0.6346185049382589
33.32,0.6384599030110466
33.33,0.6539828942244408
33.34,0.6378901662843376
33.35,0.6358393016765442
33.36,0.6647387930083344
33.37,0.6140523738261644
33.38,0.5251566328679509
33.39,0.5188315650292467
33.4,0.3932182569250948
33.410000000000004,0.45932412088029845
33.42,0.47916194729716477
33.43,0.679319882425951
33.44,0.6019830767535433
33.45,0.6655392487134169
33.46,0.8003761966018053
33.47,0.9463914004009384
33.480000000000004,0.9558508105837732
33.49,0.8354276005498951
33.5,0.882924146767221
33.51,0.7881210649368839
33.52,0.8502817135068007
33.53,0.9711485830058784
33.54,0.9728355703772826
33.55,1.0048938195580228
33.56,1.073244521206366
33.57,1.0690325724107432
33.58,1.0311603063365054
33.59,1.061265136483706
33.6,1.1718965897832663
33.61,1.248267654083097
33.62,1.2648876481643938
33.63,1.4301137846905383
33.64,1.529586906605681
33.65,1.4732595204233618
33.660000000000004,1.5104281109006175
33.67,1.5768083274463753
33.68,1.4852292224027654
33.69,1.5005629827289355
33.7,1.4043168658136949
33.71,1.3444073937547105
33.72,1.3761958956680456
33.730000000000004,1.4400214016513355
33.74,1.4203300658983202
33.75,1.501458560910183
33.76,1.537163045710011
33.77,1.5986714083316576
33.78,1.326375366343574
33.79,1.3154176358462841
33.8,1.2734144780784944
33.81,1.260994163974991
33.82,1.3078011298454262
33.83,1.14094077366192
33.84,1.066148099536145
33.85,0.981333377579424
33.86,0.8965550995551936
33.87,0.9313289896953233
33.88,0.9520759274702523
33.89,0.8814225798112257
33.9,0.7254562953911261
33.910000000000004,0.7716550497283018
33.92,0.6800105881328307
33.93,0.7875793730026867
33.94,0.7707258338308883
33.95,0.7783465156626802
33.96,0.7398632627821752
33.97,0.8221544337191813
33.980000000000004,0.937660725621587
33.99,0.8802479018759688
34.0,0.8344440709977754
34.01,0.8468932615211535
34.02,1.0386305004646106
34.03,1.0776776521605298
34.04,1.0627013953781925
34.05,0.9943267937389638
34.06,0.98124433016832
34.07,1.1383370863484434
34.08,1.1495518959407758
34.09,1.2742711920170802
34.1,1.3271377422761519
34.11,1.2703552175549455
34.12,1.2724201936848247
34.13,1.3096494955888753
34.14,1.2740601329623618
34.15,1.3216187541616706
34.160000000000004,1.2276898434656758
34.17,1.2597130182817238
34.18,1.2711833201445684
34.19,1.3662599782139488
34.2,1.20439626240509
34.21,1.185090526850436
34.22,1.263980226060268
34.230000000000004,1.1878622961142813
34.24,1.2122208779345764
34.25,1.2148504871931056
34.26,1.1951277387306518
34.27,1.276179785377517
34.28,1.2169777973013611
34.29,1.2965684369279622
34.300000000000004,1.263055180428757
34.31,1.3530556343586795
34.32,1.2264380263605426
34.33,1.0879082751524058
34.34,1.2286322296592054
34.35,1.2504819668485412
34.36,1.3151586254599519
34.37,1.4163358451342374
34.38,1.462999272876149
34.39,1.4929282512967774
34.4,1.638030622283636
34.410000000000004,1.6426128413442354
34.42,1.6210957505011738
34.43,1.7181744789551545
34.44,1.6045443989548334
34.45,1.6645083240043732
34.46,1.529670282756423
34.47,1.4949907631562793
34.480000000000004,1.4374004059437049
34.49,1.4468076715523555
34.5,1.5267193301660393
34.51,1.7251096598043745
34.52,1.7450868097416248
34.53,1.8645818196495036
34.54,1.7567747571495014
34.550000000000004,1.779824464614402
34.56,1.8448232069440154
34.57,1.806936773400965
34.58,1.821031518604128
34.59,1.7820973436173158
34.6,1.6325132712233106
34.61,1.7466191732747458
34.62,1.7505197566996498
34.63,1.7320652417862505
34.64,1.7728361888154347
34.65,1.7290350325075672
34.660000000000004,1.794574247149801
34.67,1.8117323393046545
34.68,1.8579244431059325
34.69,1.8185041356292462
34.7,1.7354965477244744
34.71,1.7020335686982877
34.72,1.6275366590953866
34.730000000000004,1.6741157674842073
34.74,1.6699381358809895
34.75,1.6212426432243863
34.76,1.5561723329215544
34.77,1.5673407371006687
34.78,1.763930960340229
34.79,1.7917330406941336
34.800000000000004,1.680010004424021
34.81,1.6264656991458568
34.82,1.6688978566121069
34.83,1.6296201797001153
34.84,1.6778735544153183
34.85,1.783503437833041
34.86,1.6425123599348357
34.87,1.646521238695306
34.88,1.6657165260164488
34.89,1.720718502681276
34.9,1.721424369162845
34.910000000000004,1.6735425237782524
34.92,1.6023425309074413
34.93,1.5890455773427723
34.94,1.6186430760101866
34.95,1.6720446366295272
34.96,1.7639677906560072
34.97,1.7039531636877927
34.980000000000004,1.7179815917527013
34.99,1.6933121808287812
35.0,1.6220055761232979
35.01,1.6727966989521525
35.02,1.70448475087261
35.03,1.6795904364678336
35.04,1.7532288022013134
35.050000000000004,1.8096422586761458
35.06,1.8530937422666935
35.07,1.7639161530571592
35.08,1.6955411936512093
35.09,1.937255466610781
35.1,1.9292840613085547
35.11,2.137172100795695
35.12,2.1806736243823086
35.13,2.218886056009702
35.14,2.2327816352228576
35.15,2.331522188928417
35.160000000000004,2.2220868477329936
35.17,2.1386374576729077
35.18,2.2909234558105296
35.19,2.3383941402840622
35.2,2.297939311293513
35.21,2.4350499143441757
35.22,2.4756488337855087
35.230000000000004,2.5461303659321706
35.24,2.4387632263174974
35.25,2.426652506527539
35.26,2.354036674035242
35.27,2.359850270887958
35.28,2.4518282011236927
35.29,2.41614678296121
35.300000000000004,2.5559481877012464
35.31,2.498200480822608
35.32,2.547180819080828
35.33,2.598359043753207
35.34,2.6675122267418456
35.35,2.623717284688498
35.36,2.5839428860829323
35.37,2.593989779214134
35.38,2.633643803587246
35.39,2.5051353931823557
35.4,2.5886140095274586
35.410000000000004,2.548601905472122
35.42,2.442837042963716
35.43,2.417744840437224
35.44,2.4295802219273965
35.45,2.573611618097773
35.46,2.5088203933452293
35.47,2.4899493937467256
35.480000000000004,2.241773978310785
35.49,2.2442365731893634
35.5,2.216091415588684
35.51,2.1498166934683858
35.52,2.1288821899406423
35.53,2.1240456441466353
35.54,2.1523416711272816
35.550000000000004,2.0094779744148745
35.56,2.0030099670136954
35.57,2.0108263410655693
35.58,2.043746043644303
35.59,2.0356291199777585
35.6,2.1252567071798327
35.61,2.0915357976570443
35.62,2.166188437927388
35.63,2.2290700790025046
35.64,2.2675695774470666
35.65,2.3641742119438347
35.660000000000004,2.3538782469237467
35.67,2.3795483618832987
35.68,2.5726092654013537
35.69,2.368449834005955
35.7,2.353140304526451
35.71,2.293835135128648
35.72,2.258006199911537
35.730000000000004,2.0974861407356578
35.74,2.070204774984407
35.75,1.9289309153847063
35.76,1.8995922218549997
35.77,1.9521919913611365
35.78,2.0746124164232236
35.79,2.1159707845401834
35.800000000000004,2.1992685481526117
35.81,2.110597373994651
35.82,2.169855591449382
35.83,2.094280569227858
35.84,1.9504652102135949
35.85,2.1075653441190236
35.86,2.0640747725426807
35.87,2.133888956673158
35.88,2.0271747348520024
35.89,1.9128620717441827
35.9,1.8143430504483509
35.910000000000004,1.7991250276170612
35.92,1.8326891606211497
35.93,1.7752371217929908
35.94,1.9308365080299112
35.95,2.010051708704378
35.96,1.986682519751698
35.97,1.8916789092962119
35.980000000000004,1.936968655157624
35.99,1.8300527586496518
36.0,1.8429803937153353
36.01,1.8419560448739378
36.02,1.6598242058736268
36.03,1.7617075729341294
36.04,1.734781799000272
36.050000000000004,1.696543270949154
36.06,1.6424298085995106
36.07,1.6413194496049393
36.08,1.5655160132763901
36.09,1.5831153044398203
36.1,1.6458525399912929
36.11,1.6951158835322218
36.12,1.7210401527818302
36.13,1.4958483742794273
36.14,1.4827636918944775
36.15,1.6390623532107949
36.160000000000004,1.6535858425862577
36.17,1.7151700304953623
36.18,1.7308583671754205
36.19,1.6873113011731038
36.2,1.6861073337766674
36.21,1.568308703511168
36.22,1.6679322233599245
36.230000000000004,1.7017343807201242
36.24,1.817829577041646
36.25,1.9167442536346342
36.26,1.812119373999207
36.27,1.7725501499554919
36.28,1.771432478612582
36.29,1.864105151189123
36.300000000000004,1.8926312657770548
36.31,1.9172858182896406
36.32,1.9926498371643115
36.33,1.9199694749489007
36.34,2.0849625100964153
36.35,2.084944132494328
36.36,2.07021167245116
36.37,1.8868997454752594
36.38,1.8790275725671866
36.39,1.885156267604462
36.4,1.8491295425790937
36.410000000000004,1.9256237363751416
36.42,1.9096987242108416
36.43,1.9111193844342498
36.44,1.9473742921155863
36.45,1.7789520054540764
36.46,1.78553187063963
36.47,1.7681895606138174
36.480000000000004,1.8938018723594454
36.49,1.8367995986943015
36.5,1.9482639555643864
36.51,2.0371308382294195
36.52,1.9779789723470642
36.53,2.1301588822164175
36.54,2.0832672662433707
36.550000000000004,2.032403703505327
36.56,2.1441512076179072
36.57,2.088270504331671
36.58,2.0996475222008772
36.59,2.058896407696479
36.6,2.0617637234847304
36.61,2.269034122018806
36.62,2.2881657900506234
36.63,2.2196722928032253
36.64,2.233226415190827
36.65,2.0623787942667438
36.660000000000004,1.9480608981436538
36.67,1.8832065352953262
36.68,1.7950515401589373
36.69,1.8830281920611651
36.7,1.9489467470136428
36.71,1.9482337665423217
36.72,1.964380854899564
36.730000000000004,1.8942482466425075
36.74,1.8497069404478041
36.75,1.7182552128663682
36.76,1.7925148222306144
36.77,1.801371479157371
36.78,1.7808057522955356
36.79,1.6231525384159844
36.800000000000004,1.8719087814828679
36.81,1.8911519049333694
36.82,1.844986475429332
36.83,1.8160536846560091
36.84,1.8622234847915744
36.85,1.8277724803259179
36.86,1.7307095555421481
36.87,1.763077421138684
36.88,1.7817317625369749
36.89,1.8241861697560535
36.9,1.72811333878226
36.910000000000004,1.6408279696066184
36.92,1.775761309847551
36.93,1.7484719337177372
36.94,1.7265301274114433
36.95,1.8121142209517984
36.96,1.8259256607784835
36.97,1.900434766266447
36.980000000000004,1.8224283877802627
36.99,1.7613012146580258
37.0,1.7320354511472924
37.01,1.7989486245179098
37.02,1.7463035166648149
37.03,1.669634654461016
37.04,1.6671243818469583
37.050000000000004,1.7345633224992563
37.06,1.8073245095191224
37.07,1.8435494690900558
37.08,2.013697991395845
37.09,2.001140063812282
37.1,1.9761203153447175
37.11,1.9485187107898012
37.12,2.021132637233183
37.13,2.015342370896844
37.14,1.9099508860206889
37.15,1.8435860424503996
37.160000000000004,1.9563487757890923
37.17,1.909717332936704
37.18,1.921084385530426
37.19,1.9600954818386187
37.2,2.0652255525091006
37.21,2.0300575067789044
37.22,1.9817002818123415
37.230000000000004,1.9783930796699591
37.24,2.0658090237851305
37.25,2.022470040240874
37.26,1.949708974290871
37.27,1.9015645698554848
37.28,1.8824054538217552
37.29,1.9035313206496132
37.300000000000004,1.7751304649983926
37.31,1.7400043936254577
37.32,1.7422812715965312
37.33,1.7370492405358884
37.34,1.6796844695574995
37.35,1.6962963450121589
37.36,1.7287648025724618
37.37,1.8049376127739019
37.38,1.8333110958029522
37.39,1.9457464395783746
37.4,1.916870093918889
37.410000000000004,1.9485113233874003
37.42,2.111933904010548
37.43,2.012630897592708
37.44,2.1158016262821193
37.45,2.1786001881563357
37.46,2.2180155948090885
37.47,2.1700591453980107
37.480000000000004,2.206053544556558
37.49,2.154425047197328
37.5,2.255033098758366
37.51,2.191620134414496
37.52,2.109867998671829
37.53,2.119501087094516
37.54,2.317478312221338
37.550000000000004,2.3671729568107702
37.56,2.2697176269997827
37.57,2.150547002406543
37.58,2.1530656726527932
37.59,2.106628993144889
37.6,2.104804185977092
37.61,2.0249980391161317
37.62,1.9593907479202757
37.63,2.0658509426799405
37.64,2.1991365371398746
37.65,2.1381420463023737
37.660000000000004,2.0971594185536064
37.67,2.027658420254493
37.68,2.007840044847618
37.69,1.9714979057829376
37.7,2.04788647462841
37.71,2.099660298136563
37.72,2.1086905061942574
37.730000000000004,2.223182330350606
37.74,2.24576755206238
37.75,2.2729604082584345
37.76,2.3210940104799014
37.77,2.261438593233426
37.78,2.372903372503049
37.79,2.450250804502609
37.800000000000004,2.440514312163557
37.81,2.3774532221923868
37.82,2.4684254111758377
37.83,2.4515136336263073
37.84,2.473961666751991
37.85,2.4514510140984855
37.86,2.5014240824569356
37.87,2.503894363960113
37.88,2.447798164428427
37.89,2.5368082788437123
37.9,2.430121977413303
37.910000000000004,2.4659165947310533
37.92,2.4964014013693143
37.93,2.5555891932316688
37.94,2.6374195835373118
37.95,2.72298091190253
37.96,2.654522344083202
37.97,2.7291085801232904
37.980000000000004,2.814442614019919
37.99,2.8702574189667396
38.0,2.8346362147296666
38.01,2.8260071815052203
38.02,2.748640965718328
38.03,2.8281438432704307
38.04,2.719850519701787
38.050000000000004,2.7593017514650136
38.06,2.714135865957888
38.07,2.712452706115369
38.08,2.7323753974521057
38.09,2.6554129826886186
38.1,2.4232193791495997
38.11,2.3517173247306804
38.12,2.3661382217839155
38.13,2.424619029541801
38.14,2.5482429996410834
38.15,2.577665855377167
38.160000000000004,2.4871584950080208
38.17,2.4608255626025577
38.18,2.475130241709361
38.19,2.382677897838122
38.2,2.4065610726106152
38.21,2.3544978357382265
38.22,2.40483105872406
38.230000000000004,2.3430945245292816
38.24,2.3491190198345757
38.25,2.4103455195577848
38.26,2.50201103600852
38.27,2.5054918965096302
38.28,2.5035213930094224
38.29,2.606527976368651
38.300000000000004,2.5910541562903195
38.31,2.6002861060382645
38.32,2.5215356677648884
38.33,2.4793796901353122
38.34,2.502417936141573
38.35,2.718952040912373
38.36,2.652749796165836
38.37,2.6106474219684186
38.38,2.490018726178382
38.39,2.57185200209238
38.4,2.5351480741229118
38.410000000000004,2.4541821150105037
38.42,2.5799202868741937
38.43,2.4894702045273056
38.44,2.3698364149451834
38.45,2.3055197148347695
38.46,2.3153445601484735
38.47,2.376400287166859
38.480000000000004,2.2914794569960515
38.49,2.2862096376629286
38.5,2.3634573419708693
38.51,2.2783884045514275
38.52,2.275895378003667
38.53,2.3301752197318994
38.54,2.275452183851703
38.550000000000004,2.290195497037948
38.56,2.24015748605386
38.57,2.2217865950201174
38.58,2.0351657217017327
38.59,2.0866915335064
38.6,2.233356313836283
38.61,2.2008121747544513
38.62,2.2319187318085727
38.63,2.214001121944698
38.64,2.398413034048319
38.65,2.2876459520040613
38.660000000000004,2.3252641349365875
38.67,2.3122598249868287
38.68,2.246433468492011
38.69,2.3648048549197664
38.7,2.3680822080424155
38.71,2.4507050188205906
38.72,2.2952332453012274
38.730000000000004,2.460824229829494
38.74,2.467053811488624
38.75,2.460075269326355
38.76,2.324728829955254
38.77,2.1489602550218927
38.78,2.0930026451122137
38.79,2.087270915327074
38.800000000000004,1.9612270133948968
38.81,1.9119823874116346
38.82,2.031912683113511
38.83,2.080118104226019
38.84,1.9801352240115677
38.85,2.103956353383013
38.86,2.248959037489378
38.87,2.151390868714539
38.88,2.285969400620624
38.89,2.307736003579681
38.9,2.4096540338946295
38.910000000000004,2.3592014589886565
38.92,2.4531008252209343
38.93,2.3748519203568432
38.94,2.4898052409990203
38.95,2.572150790944199
38.96,2.4160090319527088
38.97,2.526846085743051
38.980000000000004,2.5754324379218776
38.99,2.585591595789196
39.0,2.4516356892093865
39.01,2.4313148568283314
39.02,2.4129220831441303
39.03,2.5767023798816817
39.04,2.540116784690105
39.050000000000004,2.4199818075582713
39.06,2.397329092123866
39.07,2.3357895330079725
39.08,2.4604827586984865
39.09,2.5037488296020003
39.1,2.4805303544462824
39.11,2.5210157339214865
39.12,2.480323136703886
39.13,2.438781656096938
39.14,2.328270413707743
39.15,2.3533378604807647
39.160000000000004,2.2896819886630526
39.17,2.246386681419873
39.18,2.334502130406607
39.19,2.321624767047754
39.2,2.411282391439749
39.21,2.439896925278078
39.22,2.505894071705945
39.230000000000004,2.3142168878545086
39.24,2.3203103766275786
39.25,2.330036210343386
39.26,2.524861452642556
39.27,2.349635963490226
39.28,2.3123765403515186
39.29,2.295374503627482
39.300000000000004,2.2981552928994917
39.31,2.2714562432752117
39.32,2.134370264463594
39.33,2.06433396770315
39.34,2.214651465979406
39.35,2.1901232506521406
39.36,2.2757784906493423
39.37,2.4040294138843503
39.38,2.349278081912055
39.39,2.4238329817939848
39.4,2.3824566913610377
39.410000000000004,2.3409938470031992
39.42,2.35876693372068
39.43,2.479036791041723
39.44,2.4673975664264716
39.45,2.4207677487600763
39.46,2.495806483762539
39.47,2.332555367698209
39.480000000000004,2.3898820413234967
39.49,2.4486664093195625
39.5,2.45854434521214
39.51,2.6156534619113705
39.52,2.6436578289686268
39.53,2.7665660292974406
39.54,2.7411453728515545
39.550000000000004,2.785328894922918
39.56,2.753202820765199
39.57,2.7922540661421507
39.58,2.876709861618817
39.59,3.040344152030398
39.6,2.8960832839015587
39.61,2.796201522028459
39.62,2.7746013842345727
39.63,2.800789764725852
39.64,2.8048597851992074
39.65,2.7317104242361054
39.660000000000004,2.6332690431884487
39.67,2.729205532507461
39.68,2.710132572254575
39.69,2.781611667510782
39.7,2.6546437503710667
39.71,2.480946130840622
39.72,2.4697062969631984
39.730000000000004,2.5687858209192656
39.74,2.528224252455485
39.75,2.5790399324518902
39.76,2.541992586509549
39.77,2.5208340030277836
39.78,2.5449600627084967
39.79,2.5282702470716805
39.800000000000004,2.5976416021213677
39.81,2.5555580977115846
39.82,2.41897328509367
39.83,2.493429477991977
39.84,2.365546697108028
39.85,2.2922491026651874
39.86,2.3246292214194306
39.87,2.262711512931039
39.88,2.4207712857904076
39.89,2.2935145033795887
39.9,2.3129010439991755
39.910000000000004,2.2167756286494003
39.92,2.27089477182823
39.93,2.1929869177212105
39.94,2.166502788759994
39.95,2.3363030249012513
39.96,2.267830491377447
39.97,2.1682711683679106
39.980000000000004,2.233985391465655
39.99,2.12479316390186
40.0,2.1259579516759306
40.01,2.1999652587784704
40.02,1.9421203549192636
40.03,1.884089723853329
40.04,1.8775488866575458
40.050000000000004,1.7500978390238664
40.06,1.731283219627185
40.07,1.709578041984068
40.08,1.6781307297607928
40.09,1.7715035108474286
40.1,1.8233105098157654
40.11,1.7374723580498437
40.12,1.7179051540280708
40.13,1.754391764896828
40.14,1.6048730299796756
40.15,1.499447330334279
40.160000000000004,1.419601323820568
40.17,1.6649556979139728
40.18,1.7442355386025694
40.19,1.8558948234058188
40.2,1.986532656299195
40.21,1.8885860219425619
40.22,2.0004707818517984
40.230000000000004,2.071430181104703
40.24,1.9870601648337174
40.25,1.8491225128979791
40.26,1.6713869044770282
40.27,1.5893462046011795
40.28,1.5478783043480009
40.29,1.5385395633104728
40.300000000000004,1.473045641175398
40.31,1.5554455948227053
40.32,1.6819178016868528
40.33,1.642872732350255
40.34,1.7584304815763108
40.35,1.791852136829468
40.36,1.7819416564018922
40.37,1.8714965025901358
40.38,1.8507599910228836
40.39,1.9711023203827156
40.4,1.9776715810436722
40.410000000000004,1.851300301652716
40.42,1.9066982322270694
40.43,1.907828298034917
40.44,1.893432162259696
40.45,1.9954120107331812
40.46,2.0002352564377923
40.47,2.023651645859258
40.480000000000004,2.2841469910528702
40.49,2.2474039038738804
40.5,2.0926566702770413
40.51,2.0801098784092797
40.52,2.2306103612476584
40.53,2.3059011169878447
40.54,2.318390907186842
40.550000000000004,2.448961342020618
40.56,2.316417795836888
40.57,2.2702850463791533
40.58,2.3386866109368416
40.59,2.1721446163749087
40.6,2.1855368937981883
40.61,2.1273257445837075
40.62,2.0124967757445793
40.63,2.1207864486195374
40.64,2.0533212306736552
40.65,2.020459265874915
40.660000000000004,1.9591748981489996
40.67,1.9137674111915708
40.68,1.8495555840041462
40.69,1.9056255819353594
40.7,1.8472350768290724
40.71,1.844865239229583
40.72,1.833465316681749
40.730000000000004,1.955706162705533
40.74,1.8780789607622346
40.75,1.9422575544731393
40.76,1.8098978558796803
40.77,1.8360681158071723
40.78,1.6876584327492539
40.79,1.723120974675334
40.800000000000004,1.7848125611789902
40.81,1.9054838565161847
40.82,1.9711265613578586
40.83,1.939246408213652
40.84,1.8435161420775683
40.85,1.8778078883111025
40.86,1.8330904973042454
40.87,1.7730654386992009
40.88,1.8682233691408352
40.89,1.8208955130370175
40.9,1.7584891028006104
40.910000000000004,1.6270848722238844
40.92,1.567213042879401
40.93,1.6073188499767597
40.94,1.6656424377782588
40.95,1.667475261983777
40.96,1.5830834661272404
40.97,1.5818511076352704
40.980000000000004,1.6593578293437445
40.99,1.6515640939954457
41.0,1.6288675200140124
41.01,1.6378607644863818
41.02,1.6657422506268196
41.03,1.7330855546132318
41.04,1.8129426881973811
41.050000000000004,1.7554225951169335
41.06,1.7615545346968733
41.07,1.8090382334085424
41.08,1.7804497739917597
41.09,1.7414445553100397
41.1,1.7793571550185607
41.11,1.700450621000871
41.12,1.8031129202400307
41.13,1.8533688297189936
41.14,1.8077248657339644
41.15,1.81622360467568
41.160000000000004,1.7900261074565433
41.17,1.82990098742067
41.18,1.8762528992354213
41.19,1.8542437211411795
41.2,1.9700182298411382
41.21,1.7198729473255208
41.22,1.5899598194984148
41.230000000000004,1.6290938913137956
41.24,1.6777054176940325
41.25,1.6998926329430122
41.26,1.7016708175457231
41.27,1.7827764471888332
41.28,1.786319866597183
41.29,1.7768783568104978
41.300000000000004,1.6620148674058692
41.31,1.7479785906929906
41.32,1.7323890711910084
41.33,1.7478736272669133
41.34,1.8379214788709448
41.35,1.817923459796686
41.36,1.7756988973583063
41.37,1.7235212092195593
41.38,1.7265592804893641
41.39,1.901925795758121
41.4,1.8658161407759497
41.410000000000004,2.0060152294794062
41.42,2.0095911032412834
41.43,2.0363007927409225
41.44,2.1208479778367777
41.45,2.0621418735807655
41.46,2.189509605352325
41.47,2.1247105965709436
41.480000000000004,2.099776611236463
41.49,2.160554132522625
41.5,2.1898174209634766
41.51,2.165140273324367
41.52,2.1580513206590273
41.53,2.21281463965382
41.54,2.2060097000941132
41.550000000000004,2.1362652471605323
41.56,2.1303227662072297
41.57,2.0970404606123183
41.58,2.176478228639708
41.59,2.184596520052283
41.6,2.1949690034284806
41.61,2.032853186262465
41.62,2.0174463174799526
41.63,2.057076523051313
41.64,2.0189541610776045
41.65,1.9699897343108774
41.660000000000004,1.9135881167229605
41.67,1.9171781429140768
41.68,1.828126894546478
41.69,2.1065296453338678
41.7,2.039929512326386
41.71,2.0999308807390484
41.72,2.0659507239862456
41.730000000000004,2.1527745024203817
41.74,2.219249613627214
41.75,2.304924897799103
41.76,2.4000051679125907
41.77,2.374467266945963
41.78,2.448537873841833
41.79,2.5108209387904488
41.800000000000004,2.5627041121335776
41.81,2.6473452591621784
41.82,2.4859856571575603
41.83,2.4719100391014384
41.84,2.4300778706544843
41.85,2.2629449740836503
41.86,2.2674817705614716
41.87,2.3191396032789116
41.88,2.3596256342001056
41.89,2.288175138437264
41.9,2.278825649262073
41.910000000000004,2.3247442538465877
41.92,2.1880167124027605
41.93,2.2328151059446295
41.94,2.1539358421543295
41.95,2.216661554114397
41.96,2.3064278311077127
41.97,2.3786691613407154
41.980000000000004,2.3898524009028517
41.99,2.406678199235736
42.0,2.3958795648433218
42.01,2.291871184913466
42.02,2.1329525534048184
42.03,2.1470803294618914
42.04,2.155810471108715
42.050000000000004,2.0850375390536104
42.06,2.0921393694356074
42.07,2.013034579907101
42.08,2.16057000301102
42.09,2.277140337647416
42.1,2.363429493341292
42.11,2.353702910084351
42.12,2.422250841040304
42.13,2.3744024219339797
42.14,2.392603176427069
42.15,2.400415814429071
42.160000000000004,2.352072806909389
42.17,2.335945308086309
42.18,2.3389206803468205
42.19,2.288324486780158
42.2,2.1661191689615316
42.21,2.2567180792174524
42.22,2.198297486908009
42.230000000000004,2.0113368309494586
42.24,1.9717790438643672
42.25,1.9746663420002808
42.26,1.9717969480109956
42.27,2.008854145600666
42.28,2.1439192061260988
42.29,2.199325898114459
42.300000000000004,2.003584122579439
42.31,2.1067608780494216
42.32,2.1353573356653808
42.33,2.0398336033737166
42.34,2.0276247036411488
42.35,1.817804291254687
42.36,1.833431070132126
42.37,1.9162002480047873
42.38,1.953242318441086
42.39,1.9308061847494211
42.4,1.8829229504272846
42.410000000000004,1.7739259444393192
42.42,1.948693448696941
42.43,1.8642297639822643
42.44,1.9810367441302337
42.45,2.0802975829524697
42.46,2.1133054133806497
42.47,1.9068836586328861
42.480000000000004,1.826725633195384
42.49,1.8336028585332536
42.5,1.8238118668248589
42.51,1.8060756654114332
42.52,1.8124382996862431
42.53,1.736754328318637
42.54,1.7830958826104912
42.550000000000004,1.8623471303752188
42.56,1.8699313849167936
42.57,1.8978233215072664
42.58,1.9847469719703
42.59,2.0395233710036482
42.6,2.0106467957937704
42.61,1.9216022857062705
42.62,1.9337752319603985
42.63,1.745407626571624
42.64,1.874844159778977
42.65,1.9358985229793042
42.660000000000004,1.9888742725306476
42.67,1.9849361879594816
42.68,2.04713695867753
42.69,2.019494713313862
42.7,2.1032386338372038
42.71,2.162585679614855
42.72,2.1912679283201966
42.730000000000004,2.28985488113043
42.74,2.3616820363760165
42.75,2.2885389405539955
42.76,2.233061874836126
42.77,2.269764651555774
42.78,2.2747009930132913
42.79,2.0695334600680018
42.800000000000004,2.0353139493566257
42.81,2.0979191425730552
42.82,1.9402342200587515
42.83,1.8701289972796526
42.84,1.8560106333064519
42.85,1.9682295308625621
42.86,1.9767137673498567
42.87,2.0209007887330697
42.88,1.9090512799377302
42.89,1.8508243048587592
42.9,1.8873553431402135
42.910000000000004,1.8950057528015485
42.92,1.9918336741216605
42.93,1.9199263620106795
42.94,2.0010802219217374
42.95,1.940299106660228
42.96,1.9570399982315652
42.97,1.9341222107158436
42.980000000000004,1.9121514933595383
42.99,1.9036110096607808
43.0,1.9694785187387271
43.01,1.991289805713905
43.02,2.1655100820367847
43.03,2.1268595747419474
43.04,2.1993957837252998
43.050000000000004,2.286961884838092
43.06,2.1749252540340227
43.07,2.226422861501541
43.08,2.207836385589161
43.09,2.194607175573759
43.1,2.3024254442511745
43.11,2.213041162763107
43.12,2.2142470832671455
43.13,2.2417249545684834
43.14,2.124717033716864
43.15,2.1226837778787293
43.160000000000004,2.091813367627593
43.17,2.162310234298587
43.18,2.1880803853030977
43.19,2.124246837450095
43.2,2.1390059453380967
43.21,2.2220915371652468
43.22,2.265968052460348
43.230000000000004,2.382298920914308
43.24,2.430764271207954
43.25,2.407866416956162
43.26,2.444151649545519
43.27,2.5686001329820076
43.28,2.483027095559628
43.29,2.385111336034417
43.300000000000004,2.4475173848137914
43.31,2.5081417825143735
43.32,2.4368754286595102
43.33,2.372040150625378
43.34,2.41323219550447
43.35,2.420951697966557
43.36,2.4310139704907034
43.37,2.3109209654337395
43.38,2.2941327751259952
43.39,2.4029927650555902
43.4,2.4476158117405467
43.410000000000004,2.4375878357355645
43.42,2.363756371708839
43.43,2.5224460011732814
43.44,2.550157585616792
43.45,2.405651215335998
43.46,2.302017805713097
43.47,2.288407014888139
43.480000000000004,2.3259855196550983
43.49,2.2529460724328505
43.5,2.2754615906341114
43.51,2.268472342290545
43.52,2.2232495771521488
43.53,2.2679884126442658
43.54,2.3108604954379635
43.550000000000004,2.2082152463934395
43.56,2.1746701900566436
43.57,2.131048270361478
43.58,2.0510893925247444
43.59,2.278002649226275
43.6,2.287887163522945
43.61,2.1980134074010182
43.62,2.1848507624484155
43.63,2.2754289350144243
43.64,2.1443440767830815
43.65,2.090045953272234
43.660000000000004,2.043428739183034
43.67,2.0469935767949643
43.68,1.9882898846085393
43.69,2.0167879491894274
43.7,2.052519829860439
43.71,2.0614242149970186
43.72,2.1122434728999018
43.730000000000004,1.9327854512965754
43.74,2.0510409473456184
43.75,2.1110461899968676
43.76,2.156226036076055
43.77,2.1258833169988627
43.78,2.1875130915741945
43.79,2.1413555147745753
43.800000000000004,2.163743405797926
43.81,2.219316589102321
43.82,2.1392072627689993
43.83,2.2489210639079715
43.84,2.1592390798388292
43.85,2.27474607633876
43.86,2.280568777893719
43.87,2.2074636675642973
43.88,2.0521666026126195
43.89,1.9369933917773952
43.9,1.9372046583506244
43.910000000000004,2.0695136633429856
43.92,2.114872201027724
43.93,1.9406229452156085
43.94,1.9054838676403243
43.95,1.9512593026752314
43.96,1.8350535088075783
43.97,1.8860259938597774
43.980000000000004,1.9736045511434719
43.99,1.9820155399168207
44.0,1.9788090607790942
44.01,2.1610440633974193
44.02,2.085300863460194
44.03,2.19846527563675
44.04,2.177154567726109
44.050000000000004,2.2271861170426734
44.06,2.2313526357323363
44.07,2.0869793190012205
44.08,2.0237401930544725
44.09,2.0253169749784483
44.1,2.000820559710097
44.11,2.0642909360605626
44.12,2.044959855567221
44.13,2.0467661091606013
44.14,2.0441403264290754
44.15,1.8070814441562313
44.160000000000004,1.7682535059493352
44.17,1.8013559084199222
44.18,1.7125309655594734
44.19,1.6188247538871776
44.2,1.5797937262791844
44.21,1.5322578690051896
44.22,1.5063407373578317
44.230000000000004,1.6013604451051675
44.24,1.683051188825606
44.25,1.6084920741424054
44.26,1.6317468230198013
44.27,1.7107943905037575
44.28,1.7836547387513986
44.29,1.6718558492500892
44.300000000000004,1.6305477128354604
44.31,1.7126361048565406
44.32,1.818344276542681
44.33,1.8527326542509255
44.34,1.6709930048801083
44.35,1.7522014076554004
44.36,1.6986276728112002
44.37,1.5764511837129245
44.38,1.563590452193599
44.39,1.4326443779740967
44.4,1.3635784432289944
44.410000000000004,1.3358196960066455
44.42,1.2281102118428613
44.43,1.2964744772027315
44.44,1.3387788309317272
44.45,1.369194792357697
44.46,1.4298926834422565
44.47,1.33312621606285
44.480000000000004,1.3754697292561273
44.49,1.4813948291270544
44.5,1.4450322048132063
44.51,1.5885740138204787
44.52,1.5325651175623256
44.53,1.488600838069896
44.54,1.4941701490724388
44.550000000000004,1.4523220101286232
44.56,1.4763351572287249
44.57,1.597807995441444
44.58,1.5526186589200741
44.59,1.5159481865646025
44.6,1.503664708141672
44.61,1.5079372968990024
44.62,1.540084616453453
44.63,1.6370803804626
44.64,1.6803610058495686
44.65,1.6611255796803068
44.660000000000004,1.6423613134823873
44.67,1.6556796258582607
44.68,1.7817030846248114
44.69,1.71430253852083
44.7,1.6647920598485615
44.71,1.702234478635668
44.72,1.662547775496198
44.730000000000004,1.63304247294418
44.74,1.6667946291466917
44.75,1.6661814221618176
44.76,1.6856853766557778
44.77,1.6609272986035286
44.78,1.7121383689761
44.79,1.6712845079736416
44.800000000000004,1.705244610390085
44.81,1.7075497734128302
44.82,1.789265575208501
44.83,1.7080122679839413
44.84,1.6867877363274273
44.85,1.7290448566540362
44.86,1.7581606548866417
44.87,1.687553633658811
44.88,1.8287909416457087
44.89,1.7608067417057491
44.9,1.7467407125007113
44.910000000000004,1.913312009004034
44.92,2.0461768541281153
44.93,2.0583853676129378
44.94,2.092947104316636
44.95,1.9948058985492652
44.96,2.021530132760051
44.97,1.9392508683241707
44.980000000000004,1.9431170249864949
44.99,1.9497959495035995
45.0,2.0078337240779756
45.01,1.9221757886382151
45.02,1.838176272582275
45.03,1.779929861257831
45.04,1.8231256173099981
45.050000000000004,1.8115185663801192
45.06,1.7801597810807055
45.07,1.851376093462845
45.08,1.7358489587279204
45.09,1.6172177806519552
45.1,1.6468543228135648
45.11,1.5876030609977696
45.12,1.6067617988744414
45.13,1.62682613448107
45.14,1.513192507783431
45.15,1.4852319385986688
45.160000000000004,1.4485123950540197
45.17,1.5191382990911744
45.18,1.488022835513468
45.19,1.4691885006183836
45.2,1.4423127465845622
45.21,1.3724547091120523
45.22,1.3938443845826034
45.230000000000004,1.4742578234463173
45.24,1.6613320890889065
45.25,1.6750804933708496
45.26,1.7300653551046676
45.27,1.685365442458243
45.28,1.6816979701717687
45.29,1.5353655184034833
45.300000000000004,1.6035799306144818
45.31,1.508593961757115
45.32,1.5499491973418196
45.33,1.5337215544727385
45.34,1.5558950974572658
45.35,1.4147073130221859
45.36,1.4882837184770545
45.37,1.5201501187566457
45.38,1.4937497268751636
45.39,1.54338894689302
45.4,1.5516421472387725
45.410000000000004,1.5310606714083674
45.42,1.5175113850752537
45.43,1.5653637710377961
45.44,1.492376983814292
45.45,1.4951364073233535
45.46,1.4683555016961438
45.47,1.5969022888030928
45.480000000000004,1.5756144524575288
45.49,1.5456194633841405
45.5,1.5677016566907283
45.51,1.6489594663450489
45.52,1.6237569936707723
45.53,1.7075932217075496
45.54,1.6117173227177268
45.550000000000004,1.6208358629318071
45.56,1.6792739257290175
45.57,1.7632036355632232
45.58,1.8246915645815003
45.59,1.8643077285903806
45.6,1.8556765013414946
45.61,1.9858785458910335
45.62,2.0598319206866194
45.63,2.107730887790486
45.64,2.120515172406138
45.65,2.04852176589114
45.660000000000004,2.1336958338461214
45.67,2.0704681579677273
45.68,2.0626265030775817
45.69,2.0819944391876786
45.7,1.9972456039870317
45.71,2.051101843666435
45.72,1.99525558151258
45.730000000000004,2.039207502405169
45.74,2.0454697817178
45.75,2.1668315407369803
45.76,2.144172030984544
45.77,2.1640404653925422
45.78,2.155956372446241
45.79,2.0491287114360963
45.800000000000004,2.0386942845900626
45.81,2.0342071230554435
45.82,1.9825984486273134
45.83,1.9860902712614956
45.84,2.085655250529477
45.85,2.015387917820006
45.86,2.030242694716078
45.87,2.036389568845113
45.88,2.1392128594694655
45.89,2.0255059882474877
45.9,1.9993023438963604
45.910000000000004,2.0535679555360042
45.92,1.9057862023651593
45.93,1.8545341964691664
45.94,1.8191235723840138
45.95,1.6995558970363753
45.96,1.740758013283792
45.97,1.704667139887568
45.980000000000004,1.666252141374668
45.99,1.6714160025522906
46.0,1.5652238959448614
46.01,1.6662435407567955
46.02,1.7660592911803894
46.03,1.7575468422976686
46.04,1.8312935398480603
46.050000000000004,1.8123887919177097
46.06,1.8043101905841852
46.07,1.6624414248103272
46.08,1.6788088389537916
46.09,1.7320867065604766
46.1,1.8278337862403102
46.11,1.8044172292517167
46.12,1.7329260651616323
46.13,1.7725875003697573
46.14,1.793299681805659
46.15,1.692991779251852
46.160000000000004,1.7068541281786267
46.17,1.71510587782736
46.18,1.7459886689507285
46.19,1.8460529035998736
46.2,1.7878843285140062
46.21,1.7514753049996936
46.22,1.6550447320805632
46.230000000000004,1.6015906782760099
46.24,1.7393399557515634
46.25,1.822161108735791
46.26,1.6427927768095922
46.27,1.6726929287981027
46.28,1.8171574944221842
46.29,1.6752959668648273
46.300000000000004,1.888298686631203
46.31,1.9700649729237085
46.32,1.8956151452374161
46.33,1.828419907841708
46.34,1.9277979793350986
46.35,1.9204096107819593
46.36,2.0986581413997993
46.37,2.120870862160081
46.38,2.126379082090569
46.39,2.1677030098237413
46.4,2.138281025452538
46.410000000000004,2.117148454844846
46.42,2.251286574935115
46.43,2.2133859655452057
46.44,2.316470890011204
46.45,2.2412539616193667
46.46,2.313244968596241
46.47,2.2793221877606396
46.480000000000004,2.3703085279181777
46.49,2.2964416976870585
46.5,2.2809204538410417
46.51,2.3099467090999823
46.52,2.360202306211444
46.53,2.3871328735454336
46.54,2.410872025852324
46.550000000000004,2.2981158882027843
46.56,2.390895527437098
46.57,2.4837437239847455
46.58,2.479408135317548
46.59,2.410872795145455
46.6,2.436032297804963
46.61,2.4752343112560915
46.62,2.5548244103203683
46.63,2.4628745521133086
46.64,2.4143219549102346
46.65,2.346075746722072
46.660000000000004,2.3511468839892165
46.67,2.365829338531061
46.68,2.3687125902581148
46.69,2.3985896197028373
46.7,2.384979459508269
46.71,2.4533085391944156
46.72,2.467132997705282
46.730000000000004,2.5590965061961986
46.74,2.5718511008561586
46.75,2.5805114982486086
46.76,2.5933344866257504
46.77,2.6426089561695143
46.78,2.71510677052433
46.79,2.696985897132292
46.800000000000004,2.7300732049401812
46.81,2.5822979288868546
46.82,2.4610069319339916
46.83,2.4334601610467703
46.84,2.278067155063702
46.85,2.244365179465098
46.86,2.2072413622060805
46.87,2.33807620011267
46.88,2.1931891344718037
46.89,2.1944865318666102
46.9,2.2227606707838716
46.910000000000004,2.5051365438493147
46.92,2.3810257751374015
46.93,2.280298557808142
46.94,2.2983993377503245
46.95,2.360761124720086
46.96,2.3079151109250042
46.97,2.3046009612396796
46.980000000000004,2.4765973158323416
46.99,2.385618699227341
47.0,2.3791464046676976
47.01,2.4493089249200266
47.02,2.3226132306715956
47.03,2.353022099673441
47.04,2.4338886250911176
47.050000000000004,2.5142311780360838
47.06,2.497678474605832
47.07,2.4114713470048326
47.08,2.3484251117905544
47.09,2.3033215683627053
47.1,2.2330964859923954
47.11,2.269286983713445
47.12,2.316590107698274
47.13,2.3514191204737522
47.14,2.2415267492554034
47.15,2.2893556452596986
47.160000000000004,2.252390077117498
47.17,2.214882454242433
47.18,2.3943377528488172
47.19,2.3045106042227377
47.2,2.3291604731633577
47.21,2.406464554753204
47.22,2.471653567696991
47.230000000000004,2.481452597934823
47.24,2.475624771869767
47.25,2.4971349024739498
47.26,2.524040692710672
47.27,2.540117558264721
47.28,2.4701753908738997
47.29,2.410474301677354
47.300000000000004,2.496679897536185
47.31,2.533853806252601
47.32,2.472766427259507
47.33,2.4529859266537533
47.34,2.497166765893922
47.35,2.5336012510991086
47.36,2.4834002068936676
47.37,2.3542451895868846
47.38,2.359629460769411
47.39,2.352025068970766
47.4,2.2340173522386264
47.410000000000004,2.2364995986098397
47.42,2.1975798620051537
47.43,2.269442527682843
47.44,2.2946446587962512
47.45,2.272427455890881
47.46,2.307300174535892
47.47,2.403798568070714
47.480000000000004,2.4315911140361157
47.49,2.3275589026332697
47.5,2.325106449980316
47.51,2.2109861787175964
47.52,2.167757754805794
47.53,2.216687780840529
47.54,2.2267450379277105
47.550000000000004,2.109457656754934
47.56,2.0288627682269396
47.57,2.0501939042442823
47.58,1.9365015428180778
47.59,1.923594975098777
47.6,1.8774994621768213
47.61,1.879476037829644
47.62,1.8117933043189298
47.63,1.8027900110697919
47.64,1.738827588324494
47.65,1.6253667037764192
47.660000000000004,1.6002700456552945
47.67,1.7224886640826544
47.68,1.8173128256487043
47.69,1.9876620292263982
47.7,1.9985974880379633
47.71,2.1848777734536218
47.72,2.2701228255765282
47.730000000000004,2.1981631467274685
47.74,2.100957957091884
47.75,2.0063818349795084
47.76,2.027784916079291
47.77,2.0541426269336482
47.78,2.1415413353718264
47.79,2.10305856938644
47.800000000000004,2.1065863351461984
47.81,2.230387650295232
47.82,2.3102178641292626
47.83,2.2053249760379816
47.84,2.1579698802830816
47.85,2.1895744285104923
47.86,2.1893532816211034
47.870000000000005,2.180038126540341
47.88,2.2065907960780415
47.89,2.118123598582762
47.9,2.180641301315369
47.910000000000004,2.2559885579050833
47.92,2.4143477464430916
47.93,2.3930029830307595
47.94,2.448794415286714
47.95,2.3470585675913282
47.96,2.305445940050458
47.97,2.18167478643626
47.980000000000004,2.1078662865336657
47.99,2.080153220014046
48.0,2.2516688086871355
48.01,2.2723764372226056
48.02,2.278888030316767
48.03,2.2058747225132374
48.04,2.115738677453463
48.050000000000004,2.021176019255137
48.06,2.0310765196919554
48.07,2.079723991311479
48.08,2.0499117046651056
48.09,2.0014996367560633
48.1,1.9629385190603843
48.11,2.0001466072936673
48.120000000000005,2.014045306270687
48.13,1.9606356731208245
48.14,2.0481352734303346
48.15,1.9738763399262984
48.160000000000004,2.0169354025800956
48.17,2.048603774476324
48.18,2.0637920310924587
48.19,2.0621953236586905
48.2,2.1972406462837046
48.21,2.2505300544709264
48.22,2.163746635924595
48.230000000000004,2.2173224237139557
48.24,2.194972194665515
48.25,2.2453553547266147
48.26,2.1298522451834563
48.27,2.1408639669057297
48.28,2.1534645210382886
48.29,2.078748019609407
48.300000000000004,1.9269925212162062
48.31,1.876947871260142
48.32,1.7668036475780198
48.33,1.7674513723932226
48.34,1.8475288187846082
48.35,1.8035863329537674
48.36,1.7940177105321027
48.370000000000005,1.8665397461809174
48.38,1.9463676948166708
48.39,1.9842173593570898
48.4,1.9575645756489648
48.410000000000004,1.9819817976753438
48.42,1.9848225769885537
48.43,1.9405597350202208
48.44,2.0709931558547385
48.45,2.1186014107839575
48.46,2.215762853122219
48.47,2.37474184156948
48.480000000000004,2.467466345874531
48.49,2.474855351734656
48.5,2.3732691366824916
48.51,2.4119746022906745
48.52,2.447415960158174
48.53,2.477017976724277
48.54,2.426898870218431
48.550000000000004,2.410229515606992
48.56,2.426569393619852
48.57,2.5402887026494483
48.58,2.57192464060051
48.59,2.5361648664724012
48.6,2.559287590471533
48.61,2.586891379082204
48.620000000000005,2.6703124136060623
48.63,2.591318639469515
48.64,2.58353895297288
48.65,2.5022683967000656
48.660000000000004,2.4136625535297433
48.67,2.356235372374676
48.68,2.3587052765413823
48.69,2.299515700477248
48.7,2.3920420459388345
48.71,2.41508407603208
48.72,2.353696225814735
48.730000000000004,2.512181835184083
48.74,2.533360500619183
48.75,2.5618141047178735
48.76,2.714760815900015
48.77,2.7553525367138874
48.78,2.697482471604545
48.79,2.7195930463255666
48.800000000000004,2.691804164448927
48.81,2.6766009597774723
48.82,2.7395862350070197
48.83,2.8112677733278
48.84,2.827387108797659
48.85,2.7859297011286124
48.86,2.733523784205524
48.870000000000005,2.6612134502533977
48.88,2.6465674633939984
48.89,2.7245965860567396
48.9,2.570998359069118
48.910000000000004,2.469828312064164
48.92,2.5801514456724046
48.93,2.5575128058574244
48.94,2.557424582081159
48.95,2.5392946038929787
48.96,2.4457391796281156
48.97,2.497665896534929
48.980000000000004,2.5310358562820414
48.99,2.4466771873121305
49.0,2.56139771980389
49.01,2.5186469533911193
49.02,2.4551636315519723
49.03,2.2922495751225807
49.04,2.1533453153748496
49.050000000000004,2.2635986293643033
49.06,2.294931564729324
49.07,2.3518711433193453
49.08,2.3840991774347424
49.09,2.3986570782582124
49.1,2.2846654500350647
49.11,2.137467669737303
49.120000000000005,2.0674032297716085
49.13,2.037336859679733
49.14,2.0131840265498333
49.15,1.9129085939748758
49.160000000000004,1.877789219606949
49.17,1.799393835709449
49.18,1.7053974136825336
49.19,1.6419618271897958
49.2,1.5543800377204626
49.21,1.4363680741957159
49.22,1.3987460005594037
49.230000000000004,1.2838567467177524
49.24,1.3541695404775076
49.25,1.4340430895757954
49.26,1.5305921911235962
49.27,1.5565857771065572
49.28,1.6223102332296215
49.29,1.5724859613586946
49.300000000000004,1.5637801535996905
49.31,1.5064199461769754
49.32,1.419374089762167
49.33,1.5268128143778699
49.34,1.5421130944026904
49.35,1.556774422224541
49.36,1.6545431363381118
49.370000000000005,1.702888243301211
49.38,1.516786225769372
49.39,1.439848553979984
49.4,1.5141896714093084
49.410000000000004,1.4474890338544124
49.42,1.3812609226180015
49.43,1.5699143581179598
49.44,1.565209403817456
49.45,1.5550098982708864
49.46,1.6691832196028598
49.47,1.7488493956245612
49.480000000000004,1.7682515608988383
49.49,1.7965675045831282
49.5,1.9647740910169231
49.51,1.9394083332968692
49.52,1.8223874971513394
49.53,1.7773307627197736
49.54,2.035570142603061
49.550000000000004,2.023992345699729
49.56,2.1293628711895027
49.57,1.9846077453393527
49.58,1.9968849713191748
49.59,2.018745046248464
49.6,2.0556504002031626
49.61,2.1317123375758613
49.620000000000005,2.1379832039409403
49.63,2.2031357545099026
49.64,2.166994264251194
49.65,2.169573890570325
49.660000000000004,2.2098286461901653
49.67,2.2237495875731894
49.68,2.3065680773101414
49.69,2.3315998939710654
49.7,2.2932846209983757
49.71,2.3890113906048938
49.72,2.451293956258313
49.730000000000004,2.3521212867445085
49.74,2.355978155713205
49.75,2.3008220493327083
49.76,2.2125495807890863
49.77,2.187589178851983
49.78,2.3297141018968808
49.79,2.3426608197758743
49.800000000000004,2.334572121704481
49.81,2.2828546751987027
49.82,2.4043111580904135
49.83,2.536914199510117
49.84,2.589528766282946
49.85,2.607928973848409
49.86,2.5496583035246174
49.870000000000005,2.5713535258294122
49.88,2.3455919509405265
49.89,2.2049654461775043
49.9,2.188989025808682
49.910000000000004,2.2772779599496693
49.92,2.4021906353205114
49.93,2.433762396895232
49.94,2.389968733962784
49.95,2.2651085795065744
49.96,2.3939459702880694
49.97,2.3476390433252186
49.980000000000004,2.3546564484173613
49.99,2.4556696884091096
50.0,2.3239806414416377
